0,オンボロ風の壁,R,内観・外観：壁紙,,,,9,9,9,,ベーシック,－,ナイトレイブンカレッジ,オンボロ風の内観シリーズ,2
1,オンボロ風の床,R,内観・外観：床,,,,9,9,9,,ベーシック,－,ナイトレイブンカレッジ,オンボロ風の内観シリーズ,2
2,ウサギのぬいぐるみ,SSR,雑貨：小型雑貨,1,,,7,6,5,2,ユニーク,ポップ,ハーツラビュル,オリジナルぬいぐるみシリーズ,50
3,ハイエナたちのぬいぐるみ,SSR,雑貨：小型雑貨,1,,,7,6,5,2,ユニーク,ポップ,サバナクロー,オリジナルぬいぐるみシリーズ,50
4,ポリプスのぬいぐるみ,SSR,雑貨：小型雑貨,1,,,7,6,5,2,ユニーク,ポップ,オクタヴィネル,オリジナルぬいぐるみシリーズ,50
5,オウムのぬいぐるみ,SSR,雑貨：小型雑貨,1,,,7,6,5,2,ユニーク,ポップ,スカラビア,オリジナルぬいぐるみシリーズ,50
6,カラスのぬいぐるみ,SSR,雑貨：小型雑貨,1,,,7,6,5,2,ユニーク,ポップ,ポムフィオーレ,オリジナルぬいぐるみシリーズ,50
7,子分たちのぬいぐるみ,SSR,雑貨：小型雑貨,1,,,7,6,5,2,ユニーク,ポップ,イグニハイド,オリジナルぬいぐるみシリーズ,50
8,手下のぬいぐるみ,SSR,雑貨：小型雑貨,1,,,7,6,5,2,ユニーク,ポップ,ディアソムニア,オリジナルぬいぐるみシリーズ,50
9,ガラ・クチュール（レオナ）,SR,雑貨：衣装,1,,,8,,8,,エレガント,－,なし,フェアリーガラシリーズ,30
10,妖精の鈴,SSR,家具：その他,2,,,12,,12,,エレガント,－,なし,フェアリーガラシリーズ,20
11,妖精たちの装飾（上）①,SR,内観・外観：前景,,,,14,,14,,エレガント,－,なし,フェアリーガラシリーズ,2
12,妖精たちの装飾（上）②,SR,内観・外観：前景,,,,14,,14,,エレガント,－,なし,フェアリーガラシリーズ,2
13,オンボロ風のラグ,R,装飾：ラグ,,9,,9,5,6,3,ベーシック,ポップ,ナイトレイブンカレッジ,－,10
14,オンボロ風の棚,R,家具：収納,1,,,5,5,5,,ベーシック,－,ナイトレイブンカレッジ,－,40
15,オンボロ風のライト,R,装飾：壁装飾,,,1,3,3,3,,ベーシック,－,ナイトレイブンカレッジ,－,10
16,オンボロ風のパーティション,R,装飾：パーティション,1,,,3,3,3,,ベーシック,－,ナイトレイブンカレッジ,－,40
17,ツナ缶タワー,R,雑貨：小型雑貨,1,,,3,3,3,,ベーシック,－,ナイトレイブンカレッジ,－,40
18,オンボロ風の本棚,SR,家具：収納,2,,,6,5,4,2,ベーシック,ポップ,ナイトレイブンカレッジ,－,30
19,オンボロ風の椅子,R,家具：椅子,1,,,5,5,5,,ベーシック,－,ナイトレイブンカレッジ,－,40
20,オンボロ風のソファ,SR,家具：椅子,1,,,4,4,3,1,ポップ,スタイリッシュ,ナイトレイブンカレッジ,－,30
21,オンボロ風の小さい机,R,家具：机,1,,,5,5,5,,ポップ,－,ナイトレイブンカレッジ,－,40
22,スタイリッシュな絵画（黒）,R,装飾：壁装飾,,,1,6,,6,,スタイリッシュ,－,なし,－,10
23,ベーシックなモノクロの絵画,R,装飾：壁装飾,,,1,6,,6,,ベーシック,－,なし,－,10
24,エレガントな金縁の絵画,R,装飾：壁装飾,,,1,6,,6,,エレガント,－,なし,－,10
25,ポップでカラフルな絵画,R,装飾：壁装飾,,,1,6,,6,,ポップ,－,なし,－,10
26,ユニークな抽象画,R,装飾：壁装飾,,,1,6,,6,,ユニーク,－,なし,－,10
27,スタイリッシュなライト（黒）,R,装飾：壁装飾,,,1,6,,6,,スタイリッシュ,－,なし,－,10
28,ベーシックなライト（黒）,R,装飾：壁装飾,,,1,6,,6,,ベーシック,－,なし,－,10
29,エレガントなライト（白）,R,装飾：壁装飾,,,1,6,,6,,エレガント,－,なし,－,10
30,ポップでカラフルなライト,R,装飾：壁装飾,,,1,6,,6,,ポップ,－,なし,－,10
31,ユニークなライト（白）,R,装飾：壁装飾,,,1,6,,6,,ユニーク,－,なし,－,10
32,スタイリッシュなパーティション（黒）,R,装飾：パーティション,1,,,6,,6,,スタイリッシュ,－,なし,－,40
33,ベーシックなパーティション（茶）,R,装飾：パーティション,1,,,6,,6,,ベーシック,－,なし,－,40
34,エレガントなパーティション,R,装飾：パーティション,1,,,6,,6,,エレガント,－,なし,－,40
35,ポップでカラフルなパーティション,R,装飾：パーティション,1,,,6,,6,,ポップ,－,なし,－,40
36,ユニークな曲がったパーティション,R,装飾：パーティション,1,,,6,,6,,ユニーク,－,なし,－,40
37,スタイリッシュなモビール（青）,R,家具：その他,1,,,6,,6,,スタイリッシュ,－,なし,－,40
38,ベーシックなゴム風船,R,家具：その他,1,,,6,,6,,ベーシック,－,なし,－,40
39,エレガントな鳥かご（金）,R,家具：その他,1,,,6,,6,,エレガント,－,なし,－,40
40,ポップでカラフルなモビール,R,家具：その他,1,,,6,,6,,ポップ,－,なし,－,40
41,ユニークなゴム風船,R,家具：その他,1,,,6,,6,,ユニーク,－,なし,－,40
42,スタイリッシュな大きな葉の観葉植物,R,家具：その他,1,,,6,,6,,スタイリッシュ,－,なし,－,40
43,ベーシックな革のトランクケース,R,家具：その他,1,,,6,,6,,ベーシック,－,なし,－,40
44,エレガントな映写機（白）,R,家具：その他,1,,,6,,6,,エレガント,－,なし,－,40
45,ポップでカラフルなボール,R,家具：その他,1,,,6,,6,,ポップ,－,なし,－,40
46,ユニークな机とゴーストカメラ,R,家具：その他,1,,,6,,6,,ユニーク,－,なし,－,40
47,スタイリッシュな椅子（黒）,R,家具：椅子,1,,,6,,6,,スタイリッシュ,－,なし,－,40
48,ベーシックな椅子（茶）,R,家具：椅子,1,,,6,,6,,ベーシック,－,なし,－,40
49,エレガントな椅子（白）,R,家具：椅子,1,,,6,,6,,エレガント,－,なし,－,40
50,ポップな椅子（ピンク）,R,家具：椅子,1,,,6,,6,,ポップ,－,なし,－,40
51,ユニークな曲がった椅子,R,家具：椅子,1,,,6,,6,,ユニーク,－,なし,－,40
52,スタイリッシュな小さい机,R,家具：机,1,,,6,,6,,スタイリッシュ,－,なし,－,40
53,ベーシックな小さい机,R,家具：机,1,,,6,,6,,ベーシック,－,なし,－,40
54,エレガントな小さい机,R,家具：机,1,,,6,,6,,エレガント,－,なし,－,40
55,ポップな小さい机,R,家具：机,1,,,6,,6,,ポップ,－,なし,－,40
56,ユニークな小さい机,R,家具：机,1,,,6,,6,,ユニーク,－,なし,－,40
57,オンボロ風の前景（上）①,R,内観・外観：前景,,,,6,6,4,2,ベーシック,ポップ,ナイトレイブンカレッジ,オンボロ風の内観シリーズ,4
58,オンボロ風の前景（上）②,R,内観・外観：前景,,,,6,6,4,2,ユニーク,ポップ,ナイトレイブンカレッジ,オンボロ風の内観シリーズ,4
59,オンボロ風の前景（下）①,R,内観・外観：前景,,,,6,6,4,2,ユニーク,ポップ,ナイトレイブンカレッジ,オンボロ風の内観シリーズ,4
60,オンボロ風の前景（下）②,R,内観・外観：前景,,,,6,6,4,2,ベーシック,ポップ,ナイトレイブンカレッジ,オンボロ風の内観シリーズ,4
61,オンボロ風の窓,R,装飾：壁装飾,,,1,3,3,3,,ベーシック,－,ナイトレイブンカレッジ,－,10
62,オンボロ風の壁装飾,R,装飾：壁装飾,,,2,4,4,4,,ベーシック,－,ナイトレイブンカレッジ,－,10
63,オンボロ風の棚（花）,R,家具：収納,1,,,3,3,3,,スタイリッシュ,－,ナイトレイブンカレッジ,－,40
64,オンボロ風の暖炉,SR,家具：その他,2,,,6,5,4,2,ベーシック,エレガント,ナイトレイブンカレッジ,－,30
65,オンボロ風の二人掛けソファ,SR,家具：椅子,2,,,6,5,4,2,ポップ,エレガント,ナイトレイブンカレッジ,－,30
66,オンボロ風の大きい机,SR,家具：机,6,,,8,8,6,2,ベーシック,ポップ,ナイトレイブンカレッジ,－,30
67,ゴーストたちのミニチュア像,SR,雑貨：大型雑貨,3,,,6,8,4,2,ユニーク,ベーシック,ナイトレイブンカレッジ,－,1
68,スタイリッシュなふわふわのラグ,SR,装飾：ラグ,,9,,12,,12,,スタイリッシュ,－,なし,－,10
69,ベーシックなふわふわのラグ,SR,装飾：ラグ,,9,,12,,12,,ベーシック,－,なし,－,10
70,エレガントなふわふわのラグ,SR,装飾：ラグ,,9,,12,,12,,エレガント,－,なし,－,10
71,ポップなふわふわのラグ,SR,装飾：ラグ,,9,,12,,12,,ポップ,－,なし,－,10
72,ユニークなふわふわのラグ,SR,装飾：ラグ,,9,,12,,12,,ユニーク,－,なし,－,10
73,スタイリッシュなモノクロのシェルフ,SR,家具：収納,2,,,10,,10,,スタイリッシュ,－,なし,－,30
74,ベーシックなシェルフ（茶）,SR,家具：収納,2,,,10,,10,,ベーシック,－,なし,－,30
75,エレガントなキャビネット（白）,SR,家具：収納,2,,,10,,10,,エレガント,－,なし,－,30
76,ポップでカラフルな棚,SR,家具：収納,2,,,10,,10,,ポップ,－,なし,－,30
77,ユニークなデザイン棚,SR,家具：収納,2,,,10,,10,,ユニーク,－,なし,－,30
78,スタイリッシュな高級ソファ,SR,家具：椅子,1,,,8,,8,,スタイリッシュ,－,なし,－,30
79,ベーシックな高級ソファ,SR,家具：椅子,1,,,8,,8,,ベーシック,－,なし,－,30
80,エレガントな高級ソファ,SR,家具：椅子,1,,,8,,8,,エレガント,－,なし,－,30
81,ポップな高級ソファ,SR,家具：椅子,1,,,8,,8,,ポップ,－,なし,－,30
82,ユニークな高級ソファ,SR,家具：椅子,1,,,8,,8,,ユニーク,－,なし,－,30
83,ハーツラビュル風の小さい机,R,家具：机,1,,,4,4,4,,ベーシック,－,ハーツラビュル,－,40
84,サバナクロー風の小さい机,R,家具：机,1,,,4,4,4,,ポップ,－,サバナクロー,－,40
85,オクタヴィネル風の小さい机,R,家具：机,1,,,4,4,4,,エレガント,－,オクタヴィネル,－,40
86,スカラビア風の小さい机,R,家具：机,1,,,4,4,4,,ポップ,－,スカラビア,－,40
87,ポムフィオーレ風の小さい机,R,家具：机,1,,,4,4,4,,スタイリッシュ,－,ポムフィオーレ,－,40
88,イグニハイド風の小さい机,R,家具：机,1,,,4,4,4,,ユニーク,－,イグニハイド,－,40
89,ディアソムニア風の小さい机,R,家具：机,1,,,4,4,4,,ベーシック,－,ディアソムニア,－,40
90,ハーツラビュル風の椅子,R,家具：椅子,1,,,4,4,4,,ポップ,－,ハーツラビュル,－,40
91,サバナクロー風の椅子,R,家具：椅子,1,,,4,4,4,,ベーシック,－,サバナクロー,－,40
92,オクタヴィネル風の椅子,R,家具：椅子,1,,,4,4,4,,エレガント,－,オクタヴィネル,－,40
93,スカラビア風の椅子,R,家具：椅子,1,,,4,4,4,,ベーシック,－,スカラビア,－,40
94,ポムフィオーレ風の椅子,R,家具：椅子,1,,,4,4,4,,スタイリッシュ,－,ポムフィオーレ,－,40
95,イグニハイド風の椅子,R,家具：椅子,1,,,4,4,4,,スタイリッシュ,－,イグニハイド,－,40
96,ディアソムニア風の椅子,R,家具：椅子,1,,,4,4,4,,ベーシック,－,ディアソムニア,－,40
97,ハーツラビュル風の前景（上）①,SR,内観・外観：前景,,,,8,8,6,2,ベーシック,ポップ,ハーツラビュル,ハーツラビュル風の内観シリーズ,4
98,ハーツラビュル風の前景（上）②,SR,内観・外観：前景,,,,8,8,6,2,ユニーク,スタイリッシュ,ハーツラビュル,ハーツラビュル風の内観シリーズ,4
99,ハーツラビュル風の前景（下）①,SR,内観・外観：前景,,,,8,8,6,2,スタイリッシュ,ポップ,ハーツラビュル,ハーツラビュル風の内観シリーズ,4
100,ハーツラビュル風の前景（下）②,SR,内観・外観：前景,,,,8,8,6,2,ユニーク,ポップ,ハーツラビュル,ハーツラビュル風の内観シリーズ,4
101,サバナクロー風の前景（上）①,SR,内観・外観：前景,,,,8,8,6,2,ベーシック,エレガント,サバナクロー,サバナクロー風の内観シリーズ,4
102,サバナクロー風の前景（上）②,SR,内観・外観：前景,,,,8,8,6,2,ベーシック,エレガント,サバナクロー,サバナクロー風の内観シリーズ,4
103,サバナクロー風の前景（下）①,SR,内観・外観：前景,,,,8,8,6,2,ポップ,ベーシック,サバナクロー,サバナクロー風の内観シリーズ,4
104,サバナクロー風の前景（下）②,SR,内観・外観：前景,,,,8,8,6,2,ユニーク,ベーシック,サバナクロー,サバナクロー風の内観シリーズ,4
105,オクタヴィネル風の前景（上）①,SR,内観・外観：前景,,,,8,8,6,2,スタイリッシュ,エレガント,オクタヴィネル,オクタヴィネル風の内観シリーズ,4
106,オクタヴィネル風の前景（上）②,SR,内観・外観：前景,,,,8,8,6,2,ユニーク,エレガント,オクタヴィネル,オクタヴィネル風の内観シリーズ,4
107,オクタヴィネル風の前景（下）①,SR,内観・外観：前景,,,,8,8,6,2,エレガント,ユニーク,オクタヴィネル,オクタヴィネル風の内観シリーズ,4
108,オクタヴィネル風の前景（下）②,SR,内観・外観：前景,,,,8,8,6,2,スタイリッシュ,ベーシック,オクタヴィネル,オクタヴィネル風の内観シリーズ,4
109,スカラビア風の前景（上）①,SR,内観・外観：前景,,,,8,8,6,2,ポップ,ユニーク,スカラビア,スカラビア風の内観シリーズ,4
110,スカラビア風の前景（上）②,SR,内観・外観：前景,,,,8,8,6,2,ポップ,ユニーク,スカラビア,スカラビア風の内観シリーズ,4
111,スカラビア風の前景（下）①,SR,内観・外観：前景,,,,8,8,6,2,ポップ,スタイリッシュ,スカラビア,スカラビア風の内観シリーズ,4
112,スカラビア風の前景（下）②,SR,内観・外観：前景,,,,8,8,6,2,エレガント,ユニーク,スカラビア,スカラビア風の内観シリーズ,4
113,ポムフィオーレ風の前景（上）①,SR,内観・外観：前景,,,,8,8,6,2,エレガント,スタイリッシュ,ポムフィオーレ,ポムフィオーレ風の内観シリーズ,4
114,ポムフィオーレ風の前景（上）②,SR,内観・外観：前景,,,,8,8,6,2,エレガント,スタイリッシュ,ポムフィオーレ,ポムフィオーレ風の内観シリーズ,4
115,ポムフィオーレ風の前景（下）①,SR,内観・外観：前景,,,,8,8,6,2,ベーシック,エレガント,ポムフィオーレ,ポムフィオーレ風の内観シリーズ,4
116,ポムフィオーレ風の前景（下）②,SR,内観・外観：前景,,,,8,8,6,2,スタイリッシュ,ポップ,ポムフィオーレ,ポムフィオーレ風の内観シリーズ,4
117,イグニハイド風の前景（上）①,SR,内観・外観：前景,,,,8,8,6,2,スタイリッシュ,ユニーク,イグニハイド,イグニハイド風の内観シリーズ,4
118,イグニハイド風の前景（上）②,SR,内観・外観：前景,,,,8,8,6,2,スタイリッシュ,ユニーク,イグニハイド,イグニハイド風の内観シリーズ,4
119,イグニハイド風の前景（下）①,SR,内観・外観：前景,,,,8,8,6,2,ユニーク,ベーシック,イグニハイド,イグニハイド風の内観シリーズ,4
120,イグニハイド風の前景（下）②,SR,内観・外観：前景,,,,8,8,6,2,ベーシック,エレガント,イグニハイド,イグニハイド風の内観シリーズ,4
121,ディアソムニア風の前景（上）①,SR,内観・外観：前景,,,,8,8,6,2,ベーシック,スタイリッシュ,ディアソムニア,ディアソムニア風の内観シリーズ,4
122,ディアソムニア風の前景（上）②,SR,内観・外観：前景,,,,8,8,6,2,スタイリッシュ,ベーシック,ディアソムニア,ディアソムニア風の内観シリーズ,4
123,ディアソムニア風の前景（下）①,SR,内観・外観：前景,,,,8,8,6,2,スタイリッシュ,エレガント,ディアソムニア,ディアソムニア風の内観シリーズ,4
124,ディアソムニア風の前景（下）②,SR,内観・外観：前景,,,,8,8,6,2,ユニーク,スタイリッシュ,ディアソムニア,ディアソムニア風の内観シリーズ,4
125,ハーツラビュル風の床,SR,内観・外観：床,,,,12,12,8,4,ポップ,ユニーク,ハーツラビュル,ハーツラビュル風の内観シリーズ,2
126,サバナクロー風の床,SR,内観・外観：床,,,,12,12,8,4,ベーシック,エレガント,サバナクロー,サバナクロー風の内観シリーズ,2
127,オクタヴィネル風の床,SR,内観・外観：床,,,,12,12,8,4,ベーシック,スタイリッシュ,オクタヴィネル,オクタヴィネル風の内観シリーズ,2
128,スカラビア風の床,SR,内観・外観：床,,,,12,12,8,4,ポップ,スタイリッシュ,スカラビア,スカラビア風の内観シリーズ,2
129,ポムフィオーレ風の床,SR,内観・外観：床,,,,12,12,8,4,スタイリッシュ,エレガント,ポムフィオーレ,ポムフィオーレ風の内観シリーズ,2
130,イグニハイド風の床,SR,内観・外観：床,,,,12,12,8,4,ユニーク,エレガント,イグニハイド,イグニハイド風の内観シリーズ,2
131,ディアソムニア風の床,SR,内観・外観：床,,,,12,12,8,4,ベーシック,スタイリッシュ,ディアソムニア,ディアソムニア風の内観シリーズ,2
132,ハーツラビュル風の壁,SR,内観・外観：壁紙,,,,12,12,8,4,スタイリッシュ,ポップ,ハーツラビュル,ハーツラビュル風の内観シリーズ,2
133,サバナクロー風の壁,SR,内観・外観：壁紙,,,,12,12,8,4,ユニーク,ベーシック,サバナクロー,サバナクロー風の内観シリーズ,2
134,オクタヴィネル風の壁,SR,内観・外観：壁紙,,,,12,12,8,4,エレガント,ユニーク,オクタヴィネル,オクタヴィネル風の内観シリーズ,2
135,スカラビア風の壁,SR,内観・外観：壁紙,,,,12,12,8,4,エレガント,ポップ,スカラビア,スカラビア風の内観シリーズ,2
136,ポムフィオーレ風の壁,SR,内観・外観：壁紙,,,,12,12,8,4,エレガント,スタイリッシュ,ポムフィオーレ,ポムフィオーレ風の内観シリーズ,2
137,イグニハイド風の壁,SR,内観・外観：壁紙,,,,12,12,8,4,ユニーク,エレガント,イグニハイド,イグニハイド風の内観シリーズ,2
138,ディアソムニア風の壁,SR,内観・外観：壁紙,,,,12,12,8,4,スタイリッシュ,ユニーク,ディアソムニア,ディアソムニア風の内観シリーズ,2
139,スタイリッシュなチェスト（黒）,SR,家具：収納,2,,,10,,10,,スタイリッシュ,－,なし,－,30
140,ベーシックなチェスト（茶）,SR,家具：収納,2,,,10,,10,,ベーシック,－,なし,－,30
141,エレガントなチェスト（白）,SR,家具：収納,2,,,10,,10,,エレガント,－,なし,－,30
142,ポップでカラフルなチェスト,SR,家具：収納,2,,,10,,10,,ポップ,－,なし,－,30
143,ユニークなデザインチェスト,SR,家具：収納,2,,,10,,10,,ユニーク,－,なし,－,30
144,スタイリッシュなガラスの水槽,SR,家具：その他,2,,,10,,10,,スタイリッシュ,－,なし,－,30
145,ベーシックなレンガの花壇,SR,家具：その他,2,,,10,,10,,ベーシック,－,なし,－,30
146,エレガントな燭台（白）,SR,家具：その他,2,,,10,,10,,エレガント,－,なし,－,30
147,ポップでカラフルな箱,SR,家具：その他,2,,,10,,10,,ポップ,－,なし,－,30
148,ユニークな机とコーヒーメーカー,SR,家具：その他,2,,,10,,10,,ユニーク,－,なし,－,30
149,ハーツラビュル風の棚（花）,R,家具：収納,1,,,4,4,4,,ポップ,－,ハーツラビュル,－,40
150,サバナクロー風の棚（花）,R,家具：収納,1,,,4,4,4,,ポップ,－,サバナクロー,－,40
151,オクタヴィネル風の棚（花）,R,家具：収納,1,,,4,4,4,,ユニーク,－,オクタヴィネル,－,40
152,スカラビア風の棚（花）,R,家具：収納,1,,,4,4,4,,スタイリッシュ,－,スカラビア,－,40
153,ポムフィオーレ風の棚（花）,R,家具：収納,1,,,4,4,4,,エレガント,－,ポムフィオーレ,－,40
154,イグニハイド風の棚（花）,R,家具：収納,1,,,4,4,4,,エレガント,－,イグニハイド,－,40
155,ディアソムニア風の棚（花）,R,家具：収納,1,,,4,4,4,,ユニーク,－,ディアソムニア,－,40
156,ハーツラビュル風のソファ,SR,家具：椅子,1,,,6,5,4,2,ユニーク,エレガント,ハーツラビュル,－,30
157,サバナクロー風のソファ,SR,家具：椅子,1,,,6,5,4,2,ポップ,ベーシック,サバナクロー,－,30
158,オクタヴィネル風のソファ,SR,家具：椅子,1,,,6,5,4,2,ユニーク,ポップ,オクタヴィネル,－,30
159,スカラビア風のソファ,SR,家具：椅子,1,,,6,5,4,2,エレガント,ユニーク,スカラビア,－,30
160,ポムフィオーレ風のソファ,SR,家具：椅子,1,,,6,5,4,2,エレガント,ベーシック,ポムフィオーレ,－,30
161,イグニハイド風のソファ,SR,家具：椅子,1,,,6,5,4,2,ユニーク,ポップ,イグニハイド,－,30
162,ディアソムニア風のソファ,SR,家具：椅子,1,,,6,5,4,2,エレガント,ベーシック,ディアソムニア,－,30
163,ハーツラビュル風の大きい机,SSR,家具：机,6,,,11,10,8,3,スタイリッシュ,ベーシック,ハーツラビュル,－,20
164,サバナクロー風の大きい机,SSR,家具：机,6,,,11,10,8,3,ユニーク,エレガント,サバナクロー,－,20
165,オクタヴィネル風の大きい机,SSR,家具：机,6,,,11,10,8,3,エレガント,ベーシック,オクタヴィネル,－,20
166,スカラビア風の大きい机,SSR,家具：机,6,,,11,10,8,3,スタイリッシュ,ユニーク,スカラビア,－,20
167,ポムフィオーレ風の大きい机,SSR,家具：机,6,,,11,10,8,3,エレガント,ユニーク,ポムフィオーレ,－,20
168,イグニハイド風の大きい机,SSR,家具：机,6,,,11,10,8,3,エレガント,ポップ,イグニハイド,－,20
169,ディアソムニア風の大きい机,SSR,家具：机,6,,,11,10,8,3,スタイリッシュ,ポップ,ディアソムニア,－,20
170,スタイリッシュな大きい机,SR,家具：机,2,,,10,,10,,スタイリッシュ,－,なし,－,30
171,ベーシックな大きい机,SR,家具：机,2,,,10,,10,,ベーシック,－,なし,－,30
172,エレガントな大きい机,SR,家具：机,2,,,10,,10,,エレガント,－,なし,－,30
173,ポップな大きい机,SR,家具：机,2,,,10,,10,,ポップ,－,なし,－,30
174,ユニークな大きい机,SR,家具：机,2,,,10,,10,,ユニーク,－,なし,－,30
175,ハーツラビュル風のラグ,SR,装飾：ラグ,,9,,7,7,5,2,ベーシック,スタイリッシュ,ハーツラビュル,－,10
176,サバナクロー風のラグ,SR,装飾：ラグ,,9,,7,7,5,2,エレガント,ポップ,サバナクロー,－,10
177,オクタヴィネル風のラグ,SR,装飾：ラグ,,9,,7,7,5,2,スタイリッシュ,ポップ,オクタヴィネル,－,10
178,スカラビア風のラグ,SR,装飾：ラグ,,9,,7,7,5,2,ポップ,エレガント,スカラビア,－,10
179,ポムフィオーレ風のラグ,SR,装飾：ラグ,,9,,7,7,5,2,エレガント,ベーシック,ポムフィオーレ,－,10
180,イグニハイド風のラグ,SR,装飾：ラグ,,9,,7,7,5,2,スタイリッシュ,ベーシック,イグニハイド,－,10
181,ディアソムニア風のラグ,SR,装飾：ラグ,,9,,7,7,5,2,ベーシック,ポップ,ディアソムニア,－,10
182,ハーツラビュル風の本棚,SR,家具：収納,2,,,6,6,4,2,スタイリッシュ,エレガント,ハーツラビュル,－,30
183,サバナクロー風の本棚,SR,家具：収納,2,,,6,6,4,2,ベーシック,エレガント,サバナクロー,－,30
184,オクタヴィネル風の本棚,SR,家具：収納,2,,,6,6,4,2,スタイリッシュ,エレガント,オクタヴィネル,－,30
185,スカラビア風の本棚,SR,家具：収納,2,,,6,6,4,2,ポップ,ユニーク,スカラビア,－,30
186,ポムフィオーレ風の本棚,SR,家具：収納,2,,,6,6,4,2,スタイリッシュ,ポップ,ポムフィオーレ,－,30
187,イグニハイド風の本棚,SR,家具：収納,2,,,6,6,4,2,ポップ,ユニーク,イグニハイド,－,30
188,ディアソムニア風の本棚,SR,家具：収納,2,,,6,6,4,2,ベーシック,スタイリッシュ,ディアソムニア,－,30
189,スタイリッシュなホームシアターセット,SR,家具：その他,2,,,10,,10,,スタイリッシュ,－,なし,－,30
190,ベーシックな大型モニター,SR,家具：その他,2,,,10,,10,,ベーシック,－,なし,－,30
191,エレガントな弦楽器（白）,SR,家具：その他,2,,,10,,10,,エレガント,－,なし,－,30
192,ポップなポップコーンマシン,SR,家具：その他,2,,,10,,10,,ポップ,－,なし,－,30
193,ユニークな棚とオブジェ,SR,家具：その他,2,,,10,,10,,ユニーク,－,なし,－,30
194,ハーツラビュル風のパーティション,R,装飾：パーティション,1,,,4,4,4,,ユニーク,－,ハーツラビュル,－,40
195,サバナクロー風のパーティション,R,装飾：パーティション,1,,,4,4,4,,ベーシック,－,サバナクロー,－,40
196,オクタヴィネル風のパーティション,R,装飾：パーティション,1,,,4,4,4,,エレガント,－,オクタヴィネル,－,40
197,スカラビア風のパーティション,R,装飾：パーティション,1,,,4,4,4,,エレガント,－,スカラビア,－,40
198,ポムフィオーレ風のパーティション,R,装飾：パーティション,1,,,4,4,4,,エレガント,－,ポムフィオーレ,－,40
199,イグニハイド風のパーティション,R,装飾：パーティション,1,,,4,4,4,,ユニーク,－,イグニハイド,－,40
200,ディアソムニア風のパーティション,R,装飾：パーティション,1,,,4,4,4,,スタイリッシュ,－,ディアソムニア,－,40
201,ハーツラビュル風の二人掛けソファ,SSR,家具：椅子,2,,,8,7,6,2,エレガント,スタイリッシュ,ハーツラビュル,－,20
202,サバナクロー風の二人掛けソファ,SSR,家具：椅子,2,,,8,7,6,2,エレガント,ユニーク,サバナクロー,－,20
203,オクタヴィネル風の二人掛けソファ,SSR,家具：椅子,2,,,8,7,6,2,スタイリッシュ,ベーシック,オクタヴィネル,－,20
204,スカラビア風の二人掛けソファ,SSR,家具：椅子,2,,,8,7,6,2,ポップ,ベーシック,スカラビア,－,20
205,ポムフィオーレ風の二人掛けソファ,SSR,家具：椅子,2,,,8,7,6,2,エレガント,スタイリッシュ,ポムフィオーレ,－,20
206,イグニハイド風の二人掛けソファ,SSR,家具：椅子,2,,,8,7,6,2,ユニーク,ポップ,イグニハイド,－,20
207,ディアソムニア風の二人掛けソファ,SSR,家具：椅子,2,,,8,7,6,2,スタイリッシュ,ユニーク,ディアソムニア,－,20
208,ハーツラビュル風の窓,SR,装飾：壁装飾,,,1,6,5,4,2,ポップ,ベーシック,ハーツラビュル,－,10
209,サバナクロー風の窓,SR,装飾：壁装飾,,,1,6,5,4,2,ポップ,スタイリッシュ,サバナクロー,－,10
210,オクタヴィネル風の窓,SR,装飾：壁装飾,,,1,6,5,4,2,ユニーク,スタイリッシュ,オクタヴィネル,－,10
211,スカラビア風の窓,SR,装飾：壁装飾,,,1,6,5,4,2,ポップ,ベーシック,スカラビア,－,10
212,ポムフィオーレ風の窓,SR,装飾：壁装飾,,,1,6,5,4,2,ポップ,ユニーク,ポムフィオーレ,－,10
213,イグニハイド風の窓,SR,装飾：壁装飾,,,1,6,5,4,2,ユニーク,ポップ,イグニハイド,－,10
214,ディアソムニア風の窓,SR,装飾：壁装飾,,,1,6,5,4,2,ベーシック,スタイリッシュ,ディアソムニア,－,10
215,ハーツラビュル風の棚,SR,家具：収納,1,,,6,5,4,2,ユニーク,ポップ,ハーツラビュル,－,30
216,サバナクロー風の棚,SR,家具：収納,1,,,6,5,4,2,ベーシック,スタイリッシュ,サバナクロー,－,30
217,オクタヴィネル風の棚,SR,家具：収納,1,,,6,5,4,2,エレガント,スタイリッシュ,オクタヴィネル,－,30
218,スカラビア風の棚,SR,家具：収納,1,,,6,5,4,2,ベーシック,スタイリッシュ,スカラビア,－,30
219,ポムフィオーレ風の棚,SR,家具：収納,1,,,6,5,4,2,ベーシック,ポップ,ポムフィオーレ,－,30
220,イグニハイド風の棚,SR,家具：収納,1,,,6,5,4,2,エレガント,ベーシック,イグニハイド,－,30
221,ディアソムニア風の棚,SR,家具：収納,1,,,6,5,4,2,ベーシック,スタイリッシュ,ディアソムニア,－,30
222,ハーツラビュル風の暖炉,SR,家具：その他,2,,,6,6,4,2,エレガント,スタイリッシュ,ハーツラビュル,－,30
223,サバナクロー風の暖炉,SR,家具：その他,2,,,6,6,4,2,ユニーク,ベーシック,サバナクロー,－,30
224,オクタヴィネル風の暖炉,SR,家具：その他,2,,,6,6,4,2,スタイリッシュ,ベーシック,オクタヴィネル,－,30
225,スカラビア風の暖炉,SR,家具：その他,2,,,6,6,4,2,ポップ,エレガント,スカラビア,－,30
226,ポムフィオーレ風の暖炉,SR,家具：その他,2,,,6,6,4,2,エレガント,ベーシック,ポムフィオーレ,－,30
227,イグニハイド風の暖炉,SR,家具：その他,2,,,6,6,4,2,エレガント,スタイリッシュ,イグニハイド,－,30
228,ディアソムニア風の暖炉,SR,家具：その他,2,,,6,6,4,2,スタイリッシュ,エレガント,ディアソムニア,－,30
229,ハーツラビュル風のライト,R,装飾：壁装飾,,,1,4,4,4,,エレガント,－,ハーツラビュル,－,10
230,サバナクロー風のライト,R,装飾：壁装飾,,,1,4,4,4,,ポップ,－,サバナクロー,－,10
231,オクタヴィネル風のライト,R,装飾：壁装飾,,,1,4,4,4,,ユニーク,－,オクタヴィネル,－,10
232,スカラビア風のライト,R,装飾：壁装飾,,,1,4,4,4,,ユニーク,－,スカラビア,－,10
233,ポムフィオーレ風のライト,R,装飾：壁装飾,,,1,4,4,4,,ユニーク,－,ポムフィオーレ,－,10
234,イグニハイド風のライト,R,装飾：壁装飾,,,1,4,4,4,,ベーシック,－,イグニハイド,－,10
235,ディアソムニア風のライト,R,装飾：壁装飾,,,1,4,4,4,,エレガント,－,ディアソムニア,－,10
236,ハートの女王のミニチュア像,SSR,雑貨：大型雑貨,3,,,9,12,6,3,スタイリッシュ,ユニーク,ハーツラビュル,－,1
237,百獣の王のミニチュア像,SSR,雑貨：大型雑貨,3,,,9,12,6,3,ユニーク,ベーシック,サバナクロー,－,1
238,海の魔女のミニチュア像,SSR,雑貨：大型雑貨,3,,,9,12,6,3,エレガント,スタイリッシュ,オクタヴィネル,－,1
239,砂漠の魔術師のミニチュア像,SSR,雑貨：大型雑貨,3,,,9,12,6,3,スタイリッシュ,ポップ,スカラビア,－,1
240,美しき女王のミニチュア像,SSR,雑貨：大型雑貨,3,,,9,12,6,3,ベーシック,スタイリッシュ,ポムフィオーレ,－,1
241,死者の国の王のミニチュア像,SSR,雑貨：大型雑貨,3,,,9,12,6,3,ユニーク,スタイリッシュ,イグニハイド,－,1
242,茨の魔女のミニチュア像,SSR,雑貨：大型雑貨,3,,,9,12,6,3,エレガント,ユニーク,ディアソムニア,－,1
243,リドルのツム,SSR,雑貨：小型雑貨,1,,,7,6,7,,ユニーク,－,ハーツラビュル,－,20
244,ケイトのツム,SSR,雑貨：小型雑貨,1,,,7,6,7,,ユニーク,－,ハーツラビュル,－,20
245,レオナのツム,SSR,雑貨：小型雑貨,1,,,7,6,7,,ユニーク,－,サバナクロー,－,20
246,ジャックのツム,SSR,雑貨：小型雑貨,1,,,7,6,7,,ユニーク,－,サバナクロー,－,20
247,フロイドのツム,SSR,雑貨：小型雑貨,1,,,7,6,7,,ユニーク,－,オクタヴィネル,－,20
248,エペルのツム,SSR,雑貨：小型雑貨,1,,,7,6,7,,ユニーク,－,ポムフィオーレ,－,20
249,セベクのツム,SSR,雑貨：小型雑貨,1,,,7,6,7,,ユニーク,－,ディアソムニア,－,20
250,ツムステのフレーム（昼）,SSR,内観・外観：前景,,,,9,,9,,ユニーク,－,なし,－,2
251,ツムステのフレーム（夜）,SSR,内観・外観：前景,,,,9,,9,,ユニーク,－,なし,－,2
252,カリムのマイク（クラブ）,SR,雑貨：大型雑貨,2,,,6,6,4,2,ポップ,スタイリッシュ,スカラビア,－,30
253,カリムのフレーム（クラブ）,SR,内観・外観：前景,,,,5,5,4,1,スタイリッシュ,ユニーク,スカラビア,－,2
254,カリムのドラム（クラブ）,SSR,雑貨：大型雑貨,4,,,10,10,7,3,スタイリッシュ,ポップ,スカラビア,－,20
255,軽音部の壁,SR,内観・外観：壁紙,,,,20,,14,6,スタイリッシュ,ユニーク,なし,軽音部シリーズ,1
256,軽音部の床,SR,内観・外観：床,,,,20,,14,6,スタイリッシュ,ユニーク,なし,軽音部シリーズ,1
257,軽音部の前景（上）①,R,内観・外観：前景,,,,12,,12,,スタイリッシュ,－,なし,軽音部シリーズ,2
258,軽音部の前景（上）②,R,内観・外観：前景,,,,12,,12,,スタイリッシュ,－,なし,軽音部シリーズ,2
259,軽音部のドラム,SR,雑貨：大型雑貨,4,,,14,,10,4,スタイリッシュ,ポップ,なし,軽音部シリーズ,30
260,軽音部のギター＆ベース,SR,雑貨：大型雑貨,2,,,10,,7,3,スタイリッシュ,ベーシック,なし,軽音部シリーズ,30
261,軽音部のキーボード,SR,雑貨：大型雑貨,2,,,10,,7,3,スタイリッシュ,ユニーク,なし,軽音部シリーズ,30
262,軽音部のアンプ,SR,雑貨：大型雑貨,2,,,10,,7,3,スタイリッシュ,ユニーク,なし,軽音部シリーズ,30
263,クラブ・ウェア（カリム）,SR,雑貨：衣装,1,,,8,,8,,スタイリッシュ,－,なし,軽音部シリーズ,30
264,教室の教卓,SR,家具：机,2,,,10,,7,3,ベーシック,エレガント,なし,軽音部シリーズ,30
265,教室の机,R,家具：机,1,,,8,,8,,ベーシック,－,なし,軽音部シリーズ,40
266,教室の椅子,R,家具：椅子,1,,,6,,6,,ベーシック,－,なし,軽音部シリーズ,40
267,アウトドア・ウェア（ラギー）,SR,雑貨：衣装,1,,,8,,8,,ユニーク,－,なし,－,30
268,クラブ・ウェア（ケイト）,SR,雑貨：衣装,1,,,8,,8,,スタイリッシュ,－,なし,軽音部シリーズ,30
269,ケイトのマイク（クラブ）,SR,雑貨：大型雑貨,2,,,6,6,4,2,ポップ,スタイリッシュ,ハーツラビュル,－,30
270,ケイトのフレーム（クラブ）,SR,内観・外観：前景,,,,5,5,4,1,スタイリッシュ,ユニーク,ハーツラビュル,－,2
271,ケイトのエレキギター（クラブ）,SSR,雑貨：大型雑貨,4,,,10,10,7,3,スタイリッシュ,ポップ,ハーツラビュル,－,20
272,浮き輪付きパーティション,R,装飾：パーティション,1,,,6,,6,,ポップ,－,なし,ポートフェストシリーズ,40
273,ポート・ラグ,R,装飾：ラグ,,9,,10,,10,,ポップ,－,なし,ポートフェストシリーズ,10
274,ポートフェストの花飾り,SR,雑貨：小型雑貨,1,,,8,,6,2,ポップ,ユニーク,なし,ポートフェストシリーズ,30
275,ポート・ウェア（ジャック）,SR,雑貨：衣装,1,,,8,,8,,ポップ,－,なし,ポートフェストシリーズ,30
276,ポートフェストの装飾（上）①,SR,内観・外観：前景,,,,14,,10,4,ポップ,ベーシック,なし,ポートフェストシリーズ,2
277,ポートフェストの装飾（上）②,SR,内観・外観：前景,,,,14,,10,4,ポップ,ベーシック,なし,ポートフェストシリーズ,2
278,ゴールデン・ストロー号の舵,SSR,雑貨：大型雑貨,4,,,16,,11,5,ポップ,ベーシック,なし,ポートフェストシリーズ,20
279,ブルームバースデーの箒（リドル）,SSR,雑貨：大型雑貨,4,,,10,10,7,3,エレガント,スタイリッシュ,ハーツラビュル,－,20
280,ブルームバースデーの箒（エース）,SSR,雑貨：大型雑貨,4,,,10,10,7,3,エレガント,スタイリッシュ,ハーツラビュル,－,20
281,ブルームバースデーの箒（デュース）,SSR,雑貨：大型雑貨,4,,,10,10,7,3,エレガント,スタイリッシュ,ハーツラビュル,－,20
282,ブルームバースデーの箒（ケイト）,SSR,雑貨：大型雑貨,4,,,10,10,7,3,エレガント,スタイリッシュ,ハーツラビュル,－,20
283,ブルームバースデーの箒（トレイ）,SSR,雑貨：大型雑貨,4,,,10,10,7,3,エレガント,スタイリッシュ,ハーツラビュル,－,20
284,ブルームバースデーの箒（レオナ）,SSR,雑貨：大型雑貨,4,,,10,10,7,3,エレガント,スタイリッシュ,サバナクロー,－,20
285,ブルームバースデーの箒（ジャック）,SSR,雑貨：大型雑貨,4,,,10,10,7,3,エレガント,スタイリッシュ,サバナクロー,－,20
286,ブルームバースデーの箒（ラギー）,SSR,雑貨：大型雑貨,4,,,10,10,7,3,エレガント,スタイリッシュ,サバナクロー,－,20
287,ブルームバースデーの箒（アズール）,SSR,雑貨：大型雑貨,4,,,10,10,7,3,エレガント,スタイリッシュ,オクタヴィネル,－,20
288,ブルームバースデーの箒（ジェイド）,SSR,雑貨：大型雑貨,4,,,10,10,7,3,エレガント,スタイリッシュ,オクタヴィネル,－,20
289,ブルームバースデーの箒（フロイド）,SSR,雑貨：大型雑貨,4,,,10,10,7,3,エレガント,スタイリッシュ,オクタヴィネル,－,20
290,ブルームバースデーの箒（カリム）,SSR,雑貨：大型雑貨,4,,,10,10,7,3,エレガント,スタイリッシュ,スカラビア,－,20
291,ブルームバースデーの箒（ジャミル）,SSR,雑貨：大型雑貨,4,,,10,10,7,3,エレガント,スタイリッシュ,スカラビア,－,20
292,ブルームバースデーの箒（ヴィル）,SSR,雑貨：大型雑貨,4,,,10,10,7,3,エレガント,スタイリッシュ,ポムフィオーレ,－,20
293,ブルームバースデーの箒（エペル）,SSR,雑貨：大型雑貨,4,,,10,10,7,3,エレガント,スタイリッシュ,ポムフィオーレ,－,20
294,ブルームバースデーの箒（ルーク）,SSR,雑貨：大型雑貨,4,,,10,10,7,3,エレガント,スタイリッシュ,ポムフィオーレ,－,20
295,ブルームバースデーの箒（イデア）,SSR,雑貨：大型雑貨,4,,,10,10,7,3,エレガント,スタイリッシュ,イグニハイド,－,20
296,ブルームバースデーの箒（オルト）,SSR,雑貨：大型雑貨,4,,,10,10,7,3,エレガント,スタイリッシュ,イグニハイド,－,20
297,ブルームバースデーの箒（マレウス）,SSR,雑貨：大型雑貨,4,,,10,10,7,3,エレガント,スタイリッシュ,ディアソムニア,－,20
298,ブルームバースデーの箒（シルバー）,SSR,雑貨：大型雑貨,4,,,10,10,7,3,エレガント,スタイリッシュ,ディアソムニア,－,20
299,ブルームバースデーの箒（セベク）,SSR,雑貨：大型雑貨,4,,,10,10,7,3,エレガント,スタイリッシュ,ディアソムニア,－,20
300,ブルームバースデーの箒（リリア）,SSR,雑貨：大型雑貨,4,,,10,10,7,3,エレガント,スタイリッシュ,ディアソムニア,－,20
301,ブルームバースデーの箒（グリム）,SSR,雑貨：大型雑貨,4,,,10,10,7,3,エレガント,スタイリッシュ,ナイトレイブンカレッジ,－,20
302,クラブ・ウェア（リリア）,SR,雑貨：衣装,1,,,8,,8,,スタイリッシュ,－,なし,軽音部シリーズ,30
303,リリアのマイク（クラブ）,SR,雑貨：大型雑貨,2,,,6,6,4,2,ポップ,スタイリッシュ,ディアソムニア,－,30
304,リリアのフレーム（クラブ）,SR,内観・外観：前景,,,,5,5,4,1,スタイリッシュ,ユニーク,ディアソムニア,－,2
305,リリアのエレキギター（クラブ）,SSR,雑貨：大型雑貨,4,,,10,10,7,3,スタイリッシュ,ポップ,ディアソムニア,－,20
306,厨房の壁,SR,内観・外観：壁紙,,,,20,,20,,ベーシック,－,なし,マスターシェフシリーズ,2
307,厨房の床,SR,内観・外観：床,,,,20,,20,,ベーシック,－,なし,マスターシェフシリーズ,2
308,厨房の大きい調理台①,SR,家具：その他,3,,,12,,8,4,ベーシック,ポップ,なし,マスターシェフシリーズ,30
309,厨房のコンロ台,SR,家具：その他,2,,,10,,7,3,ベーシック,ポップ,なし,マスターシェフシリーズ,30
310,厨房の作業台,R,家具：その他,1,,,6,,6,,ベーシック,－,なし,マスターシェフシリーズ,40
311,厨房のバスケット①,R,雑貨：小型雑貨,1,,,6,,6,,ベーシック,－,なし,マスターシェフシリーズ,40
312,厨房の樽,R,家具：その他,2,,,8,,8,,ベーシック,－,なし,マスターシェフシリーズ,40
313,湖畔の壁,SR,内観・外観：壁紙,,,,20,,14,6,ユニーク,ベーシック,なし,バルガスCAMP！リターンズシリーズ,1
314,湖畔の床,SR,内観・外観：床,,,,20,,14,6,ユニーク,ベーシック,なし,バルガスCAMP！リターンズシリーズ,1
315,アウトドア・ウェア（トレイ）,SR,雑貨：衣装,1,,,8,,8,,ユニーク,－,なし,バルガスCAMP！リターンズシリーズ,30
316,本格バーベキューセット,SR,雑貨：大型雑貨,2,,,10,,7,3,ユニーク,ベーシック,なし,バルガスCAMP！リターンズシリーズ,30
317,万能釣り竿セット,SSR,雑貨：大型雑貨,4,,,16,,11,5,ユニーク,スタイリッシュ,なし,バルガスCAMP！リターンズシリーズ,20
318,ハーツラビュル風の壁装飾,SR,装飾：壁装飾,,,1,6,6,6,,ポップ,－,ハーツラビュル,－,10
319,サバナクロー風の壁装飾,SR,装飾：壁装飾,,,2,6,6,6,,ベーシック,－,サバナクロー,－,10
320,オクタヴィネル風の壁装飾,SR,装飾：壁装飾,,,2,6,6,6,,ベーシック,－,オクタヴィネル,－,10
321,スカラビア風の壁装飾,SR,装飾：壁装飾,,,2,6,6,6,,スタイリッシュ,－,スカラビア,－,10
322,ポムフィオーレ風の壁装飾,SR,装飾：壁装飾,,,1,6,6,6,,エレガント,－,ポムフィオーレ,－,10
323,イグニハイド風の壁装飾,SR,装飾：壁装飾,,,2,6,6,6,,ユニーク,－,イグニハイド,－,10
324,ディアソムニア風の壁装飾,SR,装飾：壁装飾,,,2,6,6,6,,ベーシック,－,ディアソムニア,－,10
325,ハーツラビュルの寮章,SSR,雑貨：大型雑貨,2,,,8,7,6,2,エレガント,ポップ,ハーツラビュル,－,20
326,サバナクローの寮章,SSR,雑貨：大型雑貨,2,,,8,7,6,2,ベーシック,ユニーク,サバナクロー,－,20
327,オクタヴィネルの寮章,SSR,雑貨：大型雑貨,2,,,8,7,6,2,スタイリッシュ,ユニーク,オクタヴィネル,－,20
328,スカラビアの寮章,SSR,雑貨：大型雑貨,2,,,8,7,6,2,エレガント,ポップ,スカラビア,－,20
329,ポムフィオーレの寮章,SSR,雑貨：大型雑貨,2,,,8,7,6,2,エレガント,ベーシック,ポムフィオーレ,－,20
330,イグニハイドの寮章,SSR,雑貨：大型雑貨,2,,,8,7,6,2,ユニーク,スタイリッシュ,イグニハイド,－,20
331,ディアソムニアの寮章,SSR,雑貨：大型雑貨,2,,,8,7,6,2,スタイリッシュ,ベーシック,ディアソムニア,－,20
332,スケアリー・ドレス（ハーツラビュル）,SR,雑貨：衣装,1,,,6,5,6,,ユニーク,－,ハーツラビュル,スケアリー・モンスターズ！シリーズ,31
333,スケアリー・ドレス（サバナクロー）,SR,雑貨：衣装,1,,,6,5,6,,ユニーク,－,サバナクロー,スケアリー・モンスターズ！シリーズ,31
334,スケアリー・ドレス（オクタヴィネル）,SR,雑貨：衣装,1,,,6,5,6,,ユニーク,－,オクタヴィネル,スケアリー・モンスターズ！シリーズ,31
335,スケアリー・ドレス（スカラビア）,SR,雑貨：衣装,1,,,6,5,6,,ユニーク,－,スカラビア,スケアリー・モンスターズ！シリーズ,31
336,スケアリー・ドレス（ポムフィオーレ）,SR,雑貨：衣装,1,,,6,5,6,,ユニーク,－,ポムフィオーレ,スケアリー・モンスターズ！シリーズ,31
337,スケアリー・ドレス（イグニハイド）,SR,雑貨：衣装,1,,,6,5,6,,ユニーク,－,イグニハイド,スケアリー・モンスターズ！シリーズ,31
338,スケアリー・ドレス（ディアソムニア）,SR,雑貨：衣装,1,,,6,5,6,,ユニーク,－,ディアソムニア,スケアリー・モンスターズ！シリーズ,31
339,ノーブルベルカレッジ風の燭台,R,家具：その他,1,,,6,,6,,エレガント,－,なし,グロリアス・マスカレードシリーズ,40
340,正しき判事のミニチュア像,SSR,雑貨：大型雑貨,4,,,16,,11,5,エレガント,ベーシック,なし,グロリアス・マスカレードシリーズ,1
341,鐘楼の床,SR,内観・外観：床,,,,20,,14,6,ユニーク,ベーシック,なし,グロリアス・マスカレードシリーズ,1
342,鐘楼の壁,SR,内観・外観：壁紙,,,,20,,14,6,ユニーク,ベーシック,なし,グロリアス・マスカレードシリーズ,1
343,ノーブルベルカレッジのジオラマ,SR,雑貨：大型雑貨,4,,,14,,10,4,ベーシック,ユニーク,なし,グロリアス・マスカレードシリーズ,30
344,マスカレードドレス（ラギー）,SR,雑貨：衣装,1,,,8,,8,,エレガント,－,なし,－,30
345,マスカレードドレス（リドル）,SR,雑貨：衣装,1,,,8,,8,,エレガント,－,なし,－,30
346,マスカレードドレス（アズール）,SR,雑貨：衣装,1,,,8,,8,,エレガント,－,なし,－,30
347,マスカレードドレス（イデア）,SR,雑貨：衣装,1,,,8,,8,,エレガント,－,なし,－,30
348,マスカレードドレス（マレウス）,SR,雑貨：衣装,1,,,8,,8,,エレガント,－,なし,－,30
349,マスカレードドレス（セベク）,SR,雑貨：衣装,1,,,8,,8,,エレガント,－,なし,－,30
350,ノーブルベルカレッジ風の暖炉,SSR,家具：その他,3,,,14,,10,4,エレガント,スタイリッシュ,なし,グロリアス・マスカレードシリーズ,20
351,マスカレードドレス（ジャミル）,SR,雑貨：衣装,1,,,8,,8,,エレガント,－,なし,－,30
352,マスカレードドレス（ルーク）,SR,雑貨：衣装,1,,,8,,8,,エレガント,－,なし,－,30
353,マスカレードドレス（エペル）,SR,雑貨：衣装,1,,,8,,8,,エレガント,－,なし,－,30
354,マスカレードドレス（シルバー）,SR,雑貨：衣装,1,,,8,,8,,エレガント,－,なし,－,30
355,紅蓮の花のパーティション,SR,装飾：パーティション,1,,,8,,6,2,エレガント,ユニーク,なし,グロリアス・マスカレードシリーズ,30
356,ガーゴイルたちのぬいぐるみ,SR,雑貨：大型雑貨,2,,,10,,7,3,ポップ,ユニーク,なし,グロリアス・マスカレードシリーズ,30
357,舞踏会の床,SR,内観・外観：床,,,,20,,14,6,エレガント,スタイリッシュ,なし,グロリアス・マスカレードシリーズ,1
358,舞踏会の壁,SR,内観・外観：壁紙,,,,20,,14,6,エレガント,スタイリッシュ,なし,グロリアス・マスカレードシリーズ,1
359,舞踏会のシャンデリア（上）①,SR,内観・外観：前景,,,,14,,14,,エレガント,－,なし,グロリアス・マスカレードシリーズ,2
360,舞踏会のシャンデリア（上）②,SR,内観・外観：前景,,,,14,,14,,エレガント,－,なし,グロリアス・マスカレードシリーズ,2
361,ノーブルベル会長服（ロロ）,SR,雑貨：衣装,1,,,8,,8,,エレガント,－,なし,グロリアス・マスカレードシリーズ,30
362,マスカレードドレス（デュース）,SR,雑貨：衣装,,,,8,,8,,エレガント,－,なし,－,30
363,グロリアス・マスカレードのフレーム,SR,内観・外観：前景,,,,8,,6,2,エレガント,スタイリッシュ,なし,－,2
364,エースのスポーツバッグ（クラブ）,SR,雑貨：大型雑貨,2,,,6,6,4,2,ベーシック,スタイリッシュ,ハーツラビュル,－,30
365,エースのフレーム（クラブ）,SR,内観・外観：前景,,,,6,5,4,2,ベーシック,スタイリッシュ,ハーツラビュル,－,2
366,エースのバスケットゴール（クラブ）,SSR,雑貨：大型雑貨,4,,,10,10,7,3,ベーシック,スタイリッシュ,ハーツラビュル,－,20
367,ジャミルのスポーツバッグ（クラブ）,SR,雑貨：大型雑貨,2,,,6,6,4,2,ベーシック,スタイリッシュ,スカラビア,－,30
368,ジャミルのフレーム（クラブ）,SR,内観・外観：前景,,,,6,5,4,2,ベーシック,スタイリッシュ,スカラビア,－,2
369,ジャミルのバスケットゴール（クラブ）,SSR,雑貨：大型雑貨,4,,,10,10,7,3,ベーシック,スタイリッシュ,スカラビア,－,20
370,フロイドのスポーツバッグ（クラブ）,SR,雑貨：大型雑貨,2,,,6,6,4,2,ベーシック,スタイリッシュ,オクタヴィネル,－,30
371,フロイドのフレーム（クラブ）,SR,内観・外観：前景,,,,6,5,4,2,ベーシック,スタイリッシュ,オクタヴィネル,－,2
372,フロイドのバスケットゴール（クラブ）,SSR,雑貨：大型雑貨,4,,,10,10,7,3,ベーシック,スタイリッシュ,オクタヴィネル,－,20
373,体育館の床,SR,内観・外観：床,,,,20,,20,,ベーシック,－,なし,バスケットボール部シリーズ,1
374,体育館の壁,SR,内観・外観：壁紙,,,,20,,20,,ベーシック,－,なし,バスケットボール部シリーズ,1
375,体育館の前景（下）①,R,内観・外観：前景,,,,12,,12,,ベーシック,－,なし,バスケットボール部シリーズ,2
376,体育館の前景（下）②,R,内観・外観：前景,,,,12,,12,,ベーシック,－,なし,バスケットボール部シリーズ,2
377,体育館のバスケットゴール,SR,装飾：壁装飾,,,2,10,,7,3,ベーシック,スタイリッシュ,なし,バスケットボール部シリーズ,30
378,体育館のボールカゴ,SR,雑貨：大型雑貨,4,,,14,,10,4,ベーシック,ユニーク,なし,バスケットボール部シリーズ,30
379,体育館のスコアボード,SR,雑貨：大型雑貨,2,,,10,,10,,ベーシック,－,なし,バスケットボール部シリーズ,30
380,バスケットボール部の長机,SR,家具：机,2,,,10,,7,3,スタイリッシュ,ベーシック,なし,バスケットボール部シリーズ,30
381,バスケットボール部のフロアステッカー,SR,装飾：ラグ,,9,,12,,8,4,スタイリッシュ,ベーシック,なし,バスケットボール部シリーズ,10
382,体育館のモップ,R,雑貨：大型雑貨,2,,,8,,8,,ベーシック,－,なし,バスケットボール部シリーズ,40
383,バスケットボール部のパイプ椅子,R,家具：椅子,1,,,6,,6,,ベーシック,－,なし,バスケットボール部シリーズ,40
384,クラブ・ウェア（エース）,SR,雑貨：衣装,1,,,8,,8,,ベーシック,－,なし,バスケットボール部シリーズ,30
385,クラブ・ウェア（フロイド）,SR,雑貨：衣装,1,,,8,,8,,ベーシック,－,なし,バスケットボール部シリーズ,30
386,クラブ・ウェア（ジャミル）,SR,雑貨：衣装,1,,,8,,8,,ベーシック,－,なし,バスケットボール部シリーズ,30
387,ホリデーパーティーの床,SR,内観・外観：床,,,,12,12,12,,ポップ,－,ナイトレイブンカレッジ,ウィンターホリデー2022シリーズ,1
388,ホリデーパーティーの壁,SR,内観・外観：壁紙,,,,12,12,12,,ポップ,－,ナイトレイブンカレッジ,ウィンターホリデー2022シリーズ,1
389,ホリデーパーティーの装飾（上）①,SR,内観・外観：前景,,,,8,8,6,2,ポップ,エレガント,ナイトレイブンカレッジ,ウィンターホリデー2022シリーズ,2
390,ホリデーパーティーの装飾（上）②,SR,内観・外観：前景,,,,8,8,6,2,ポップ,エレガント,ナイトレイブンカレッジ,ウィンターホリデー2022シリーズ,2
391,大きなリボンのホリデーツリー,SSR,雑貨：大型雑貨,4,,,10,10,7,3,ポップ,エレガント,ナイトレイブンカレッジ,ウィンターホリデー2022シリーズ,20
392,ホリデーパーティーの机,SR,家具：机,4,,,8,8,6,2,ポップ,エレガント,ナイトレイブンカレッジ,ウィンターホリデー2022シリーズ,30
393,ホリデーパーティーの二人掛けソファ,SR,家具：椅子,2,,,6,6,4,2,ポップ,エレガント,ナイトレイブンカレッジ,ウィンターホリデー2022シリーズ,30
394,ホリデーパーティーの暖炉,SR,家具：その他,2,,,6,6,4,2,ポップ,エレガント,ナイトレイブンカレッジ,ウィンターホリデー2022シリーズ,30
395,松ぼっくりのラグ,SR,装飾：ラグ,,9,,7,7,7,,ポップ,－,ナイトレイブンカレッジ,ウィンターホリデー2022シリーズ,30
396,プレゼント＆靴下セット,R,雑貨：小型雑貨,1,,,4,4,4,,ポップ,－,ナイトレイブンカレッジ,ウィンターホリデー2022シリーズ,40
397,新春の衣（ケイト）,SR,雑貨：衣装,1,,,6,5,6,,ユニーク,－,ハーツラビュル,－,30
398,新春の衣（ラギー）,SR,雑貨：衣装,1,,,6,5,6,,ユニーク,－,サバナクロー,－,30
399,新春の衣（ヴィル）,SR,雑貨：衣装,1,,,6,5,6,,ユニーク,－,ポムフィオーレ,－,30
400,新春の衣（セベク）,SR,雑貨：衣装,1,,,6,5,6,,ユニーク,－,ディアソムニア,－,30
401,ケイトのフレーム（ニューイヤー）,SR,内観・外観：前景,,,,6,5,4,2,ユニーク,ベーシック,ハーツラビュル,－,2
402,ヴィルのフレーム（ニューイヤー）,SR,内観・外観：前景,,,,6,5,4,2,ユニーク,ベーシック,ポムフィオーレ,－,2
403,和室の床,SR,内観・外観：床,,,,20,,14,6,ユニーク,ベーシック,なし,Sam’sNewYearSaleシリーズ,1
404,和室の壁,SR,内観・外観：壁紙,,,,20,,14,6,ユニーク,ベーシック,なし,Sam’sNewYearSaleシリーズ,1
405,東方の大きいこたつ,SSR,家具：机,9,,,20,,14,6,ユニーク,ベーシック,なし,Sam’sNewYearSaleシリーズ,20
406,東方の屏風,SR,装飾：パーティション,2,,,10,,10,,ユニーク,－,なし,Sam’sNewYearSaleシリーズ,30
407,東方の飾り棚,SR,家具：収納,2,,,10,,7,3,ユニーク,ベーシック,なし,Sam’sNewYearSaleシリーズ,30
408,東方の赤い敷物,SR,装飾：ラグ,,9,,12,,12,,ユニーク,－,なし,Sam’sNewYearSaleシリーズ,10
409,KADOMATSU,R,雑貨：小型雑貨,1,,,6,,6,,ユニーク,－,なし,Sam’sNewYearSaleシリーズ,40
410,東方の花入,R,装飾：壁装飾,1,,,6,,6,,ユニーク,－,なし,Sam’sNewYearSaleシリーズ,10
411,厨房の冷蔵庫,SR,家具：その他,2,,,10,,7,3,ベーシック,ポップ,なし,マスターシェフシリーズ,30
412,厨房の壁掛け調理器具セット,SR,装飾：壁装飾,,,2,10,,7,3,ベーシック,ポップ,なし,マスターシェフシリーズ,30
413,厨房のマット,R,装飾：ラグ,,3,,4,,4,,ベーシック,－,なし,マスターシェフシリーズ,10
414,ライオンのタペストリー,SSR,装飾：壁装飾,,,2,12,,8,4,ベーシック,ユニーク,なし,夕焼けの草原シリーズ,1
415,サバンナ植物のパーティション,R,装飾：パーティション,1,,,6,,6,,ベーシック,－,なし,夕焼けの草原シリーズ,40
416,トロピカルフルーツの盛り合わせ,SR,家具：その他,1,,,8,,8,,ベーシック,－,なし,夕焼けの草原シリーズ,30
417,ライオン柄のラグ,SR,装飾：ラグ,,9,,12,,8,4,ベーシック,ユニーク,なし,夕焼けの草原シリーズ,10
418,自立式ハンモック,SR,家具：その他,2,,,10,,10,,ベーシック,－,なし,夕焼けの草原シリーズ,30
419,ビーズの装飾（上）①,SR,内観・外観：前景,,,,14,,10,4,ベーシック,ユニーク,なし,夕焼けの草原シリーズ,2
420,ビーズの装飾（上）②,SR,内観・外観：前景,,,,14,,10,4,ベーシック,ユニーク,なし,夕焼けの草原シリーズ,2
421,百獣の装束（レオナ）,SR,雑貨：衣装,1,,,8,,8,,ベーシック,－,なし,夕焼けの草原シリーズ,30
422,石造りの噴水,SSR,雑貨：大型雑貨,4,,,16,,11,5,ベーシック,ユニーク,なし,夕焼けの草原シリーズ,20
423,リドル 寮服の写真①,R,装飾：写真,,,2,6,5,4,2,スタイリッシュ,ユニーク,ハーツラビュル,－,10
424,リドル 寮服の写真②,SR,装飾：写真,,,2,6,6,4,2,スタイリッシュ,ユニーク,ハーツラビュル,－,10
425,リドル おめかしバースデーの写真①,R,装飾：写真,,,2,6,5,4,2,スタイリッシュ,ユニーク,ハーツラビュル,－,10
426,リドル おめかしバースデーの写真②,SR,装飾：写真,,,2,6,6,4,2,スタイリッシュ,ユニーク,ハーツラビュル,－,10
427,リドル ユニオンバースデーの写真①,R,装飾：写真,,,2,6,5,4,2,スタイリッシュ,ユニーク,ハーツラビュル,－,10
428,リドル ユニオンバースデーの写真②,SR,装飾：写真,,,2,6,6,4,2,スタイリッシュ,ユニーク,ハーツラビュル,－,10
429,リドル ブルームバースデーの写真①,R,装飾：写真,,,2,6,5,4,2,スタイリッシュ,ユニーク,ハーツラビュル,－,10
430,リドル ブルームバースデーの写真②,SR,装飾：写真,,,2,6,6,4,2,スタイリッシュ,ユニーク,ハーツラビュル,－,10
431,リドル スケアリー・ドレスの写真①,R,装飾：写真,,,2,6,5,4,2,スタイリッシュ,ユニーク,ハーツラビュル,－,10
432,リドル スケアリー・ドレスの写真②,SR,装飾：写真,,,2,6,6,4,2,スタイリッシュ,ユニーク,ハーツラビュル,－,10
433,リドル ツムステの写真①,R,装飾：写真,,,2,6,5,4,2,スタイリッシュ,ユニーク,ハーツラビュル,－,10
434,リドル ツムステの写真②,SR,装飾：写真,,,2,6,6,4,2,スタイリッシュ,ユニーク,ハーツラビュル,－,10
435,エース 寮服の写真①,R,装飾：写真,,,2,6,5,4,2,ユニーク,スタイリッシュ,ハーツラビュル,－,10
436,エース 寮服の写真②,SR,装飾：写真,,,2,6,6,4,2,ユニーク,スタイリッシュ,ハーツラビュル,－,10
437,エース おめかしバースデーの写真①,R,装飾：写真,,,2,6,5,4,2,ユニーク,スタイリッシュ,ハーツラビュル,－,10
438,エース おめかしバースデーの写真②,SR,装飾：写真,,,2,6,6,4,2,ユニーク,スタイリッシュ,ハーツラビュル,－,10
439,エース ユニオンバースデーの写真①,R,装飾：写真,,,2,6,5,4,2,ユニーク,スタイリッシュ,ハーツラビュル,－,10
440,エース ユニオンバースデーの写真②,SR,装飾：写真,,,2,6,6,4,2,ユニーク,スタイリッシュ,ハーツラビュル,－,10
441,エース ブルームバースデーの写真①,R,装飾：写真,,,2,6,5,4,2,ユニーク,スタイリッシュ,ハーツラビュル,－,10
442,エース ブルームバースデーの写真②,SR,装飾：写真,,,2,6,6,4,2,ユニーク,スタイリッシュ,ハーツラビュル,－,10
443,エース なりきり花婿の写真①,R,装飾：写真,,,2,6,5,4,2,ユニーク,スタイリッシュ,ハーツラビュル,－,10
444,エース なりきり花婿の写真②,SR,装飾：写真,,,2,6,6,4,2,ユニーク,スタイリッシュ,ハーツラビュル,－,10
445,エース クラブ・ウェアの写真①,R,装飾：写真,,,2,6,5,4,2,ユニーク,スタイリッシュ,ハーツラビュル,－,10
446,エース クラブ・ウェアの写真②,SR,装飾：写真,,,2,6,6,4,2,ユニーク,スタイリッシュ,ハーツラビュル,－,10
447,デュース 寮服の写真①,R,装飾：写真,,,2,6,5,4,2,ベーシック,エレガント,ハーツラビュル,－,10
448,デュース 寮服の写真②,SR,装飾：写真,,,2,6,6,4,2,ベーシック,エレガント,ハーツラビュル,－,10
449,デュース おめかしバースデーの写真①,R,装飾：写真,,,2,6,5,4,2,ベーシック,エレガント,ハーツラビュル,－,10
450,デュース おめかしバースデーの写真②,SR,装飾：写真,,,2,6,6,4,2,ベーシック,エレガント,ハーツラビュル,－,10
451,デュース ユニオンバースデーの写真①,R,装飾：写真,,,2,6,5,4,2,ベーシック,エレガント,ハーツラビュル,－,10
452,デュース ユニオンバースデーの写真②,SR,装飾：写真,,,2,6,6,4,2,ベーシック,エレガント,ハーツラビュル,－,10
453,デュース ブルームバースデーの写真①,R,装飾：写真,,,2,6,5,4,2,ベーシック,エレガント,ハーツラビュル,－,10
454,デュース ブルームバースデーの写真②,SR,装飾：写真,,,2,6,6,4,2,ベーシック,エレガント,ハーツラビュル,－,10
455,デュース 星送りの衣の写真①,R,装飾：写真,,,2,6,5,4,2,ベーシック,エレガント,ハーツラビュル,－,10
456,デュース 星送りの衣の写真②,SR,装飾：写真,,,2,6,6,4,2,ベーシック,エレガント,ハーツラビュル,－,10
457,ケイト 寮服の写真①,R,装飾：写真,,,2,6,5,4,2,ポップ,ベーシック,ハーツラビュル,－,10
458,ケイト 寮服の写真②,SR,装飾：写真,,,2,6,6,4,2,ポップ,ベーシック,ハーツラビュル,－,10
459,ケイト おめかしバースデーの写真①,R,装飾：写真,,,2,6,5,4,2,ポップ,ベーシック,ハーツラビュル,－,10
460,ケイト おめかしバースデーの写真②,SR,装飾：写真,,,2,6,6,4,2,ポップ,ベーシック,ハーツラビュル,－,10
461,ケイト ユニオンバースデーの写真①,R,装飾：写真,,,2,6,5,4,2,ポップ,ベーシック,ハーツラビュル,－,10
462,ケイト ユニオンバースデーの写真②,SR,装飾：写真,,,2,6,6,4,2,ポップ,ベーシック,ハーツラビュル,－,10
463,ケイト ブルームバースデーの写真①,R,装飾：写真,,,2,6,5,4,2,ポップ,ベーシック,ハーツラビュル,－,10
464,ケイト ブルームバースデーの写真②,SR,装飾：写真,,,2,6,6,4,2,ポップ,ベーシック,ハーツラビュル,－,10
465,ケイト スケアリー・ドレスの写真①,R,装飾：写真,,,2,6,5,4,2,ポップ,ベーシック,ハーツラビュル,－,10
466,ケイト スケアリー・ドレスの写真②,SR,装飾：写真,,,2,6,6,4,2,ポップ,ベーシック,ハーツラビュル,－,10
467,ケイト クラブ・ウェアの写真①,R,装飾：写真,,,2,6,5,4,2,ポップ,ベーシック,ハーツラビュル,－,10
468,ケイト クラブ・ウェアの写真②,SR,装飾：写真,,,2,6,6,4,2,ポップ,ベーシック,ハーツラビュル,－,10
469,トレイ 寮服の写真①,R,装飾：写真,,,2,6,5,4,2,エレガント,ポップ,ハーツラビュル,－,10
470,トレイ 寮服の写真②,SR,装飾：写真,,,2,6,6,4,2,エレガント,ポップ,ハーツラビュル,－,10
471,トレイ おめかしバースデーの写真①,R,装飾：写真,,,2,6,5,4,2,エレガント,ポップ,ハーツラビュル,－,10
472,トレイ おめかしバースデーの写真②,SR,装飾：写真,,,2,6,6,4,2,エレガント,ポップ,ハーツラビュル,－,10
473,トレイ ユニオンバースデーの写真①,R,装飾：写真,,,2,6,5,4,2,エレガント,ポップ,ハーツラビュル,－,10
474,トレイ ユニオンバースデーの写真②,SR,装飾：写真,,,2,6,6,4,2,エレガント,ポップ,ハーツラビュル,－,10
475,トレイ ブルームバースデーの写真①,R,装飾：写真,,,2,6,5,4,2,エレガント,ポップ,ハーツラビュル,－,10
476,トレイ ブルームバースデーの写真②,SR,装飾：写真,,,2,6,6,4,2,エレガント,ポップ,ハーツラビュル,－,10
477,トレイ アウトドア・ウェアの写真①,R,装飾：写真,,,2,6,5,4,2,エレガント,ポップ,ハーツラビュル,－,10
478,トレイ アウトドア・ウェアの写真②,SR,装飾：写真,,,2,6,6,4,2,エレガント,ポップ,ハーツラビュル,－,10
479,レオナ 寮服の写真①,R,装飾：写真,,,2,6,5,4,2,エレガント,ユニーク,サバナクロー,－,10
480,レオナ 寮服の写真②,SR,装飾：写真,,,2,6,6,4,2,エレガント,ユニーク,サバナクロー,－,10
481,レオナ おめかしバースデーの写真①,R,装飾：写真,,,2,6,5,4,2,エレガント,ユニーク,サバナクロー,－,10
482,レオナ おめかしバースデーの写真②,SR,装飾：写真,,,2,6,6,4,2,エレガント,ユニーク,サバナクロー,－,10
483,レオナ ユニオンバースデーの写真①,R,装飾：写真,,,2,6,5,4,2,エレガント,ユニーク,サバナクロー,－,10
484,レオナ ユニオンバースデーの写真②,SR,装飾：写真,,,2,6,6,4,2,エレガント,ユニーク,サバナクロー,－,10
485,レオナ ブルームバースデーの写真①,R,装飾：写真,,,2,6,5,4,2,エレガント,ユニーク,サバナクロー,－,10
486,レオナ ブルームバースデーの写真②,SR,装飾：写真,,,2,6,6,4,2,エレガント,ユニーク,サバナクロー,－,10
487,レオナ ガラ・クチュールの写真①,R,装飾：写真,,,2,6,5,4,2,エレガント,ユニーク,サバナクロー,－,10
488,レオナ ガラ・クチュールの写真②,SR,装飾：写真,,,2,6,6,4,2,エレガント,ユニーク,サバナクロー,－,10
489,レオナ ツムステの写真①,R,装飾：写真,,,2,6,5,4,2,エレガント,ユニーク,サバナクロー,－,10
490,レオナ ツムステの写真②,SR,装飾：写真,,,2,6,6,4,2,エレガント,ユニーク,サバナクロー,－,10
491,レオナ 百獣の装束の写真①,R,装飾：写真,,,2,6,5,4,2,エレガント,ユニーク,サバナクロー,－,10
492,レオナ 百獣の装束の写真②,SR,装飾：写真,,,2,6,6,4,2,エレガント,ユニーク,サバナクロー,－,10
493,ジャック 寮服の写真①,R,装飾：写真,,,2,6,5,4,2,ベーシック,スタイリッシュ,サバナクロー,－,10
494,ジャック 寮服の写真②,SR,装飾：写真,,,2,6,6,4,2,ベーシック,スタイリッシュ,サバナクロー,－,10
495,ジャック おめかしバースデーの写真①,R,装飾：写真,,,2,6,5,4,2,ベーシック,スタイリッシュ,サバナクロー,－,10
496,ジャック おめかしバースデーの写真②,SR,装飾：写真,,,2,6,6,4,2,ベーシック,スタイリッシュ,サバナクロー,－,10
497,ジャック ユニオンバースデーの写真①,R,装飾：写真,,,2,6,5,4,2,ベーシック,スタイリッシュ,サバナクロー,－,10
498,ジャック ユニオンバースデーの写真②,SR,装飾：写真,,,2,6,6,4,2,ベーシック,スタイリッシュ,サバナクロー,－,10
499,ジャック ブルームバースデーの写真①,R,装飾：写真,,,2,6,5,4,2,ベーシック,スタイリッシュ,サバナクロー,－,10
500,ジャック ブルームバースデーの写真②,SR,装飾：写真,,,2,6,6,4,2,ベーシック,スタイリッシュ,サバナクロー,－,10
501,ジャック ポート・ウェアの写真①,R,装飾：写真,,,2,6,5,4,2,ベーシック,スタイリッシュ,サバナクロー,－,10
502,ジャック ポート・ウェアの写真②,SR,装飾：写真,,,2,6,6,4,2,ベーシック,スタイリッシュ,サバナクロー,－,10
503,ラギー 寮服の写真①,R,装飾：写真,,,2,6,5,4,2,ポップ,ベーシック,サバナクロー,－,10
504,ラギー 寮服の写真②,SR,装飾：写真,,,2,6,6,4,2,ポップ,ベーシック,サバナクロー,－,10
505,ラギー おめかしバースデーの写真①,R,装飾：写真,,,2,6,5,4,2,ポップ,ベーシック,サバナクロー,－,10
506,ラギー おめかしバースデーの写真②,SR,装飾：写真,,,2,6,6,4,2,ポップ,ベーシック,サバナクロー,－,10
507,ラギー ユニオンバースデーの写真①,R,装飾：写真,,,2,6,5,4,2,ポップ,ベーシック,サバナクロー,－,10
508,ラギー ユニオンバースデーの写真②,SR,装飾：写真,,,2,6,6,4,2,ポップ,ベーシック,サバナクロー,－,10
509,ラギー ブルームバースデーの写真①,R,装飾：写真,,,2,6,5,4,2,ポップ,ベーシック,サバナクロー,－,10
510,ラギー ブルームバースデーの写真②,SR,装飾：写真,,,2,6,6,4,2,ポップ,ベーシック,サバナクロー,－,10
511,ラギー アウトドア・ウェアの写真①,R,装飾：写真,,,2,6,5,4,2,ポップ,ベーシック,サバナクロー,－,10
512,ラギー アウトドア・ウェアの写真②,SR,装飾：写真,,,2,6,6,4,2,ポップ,ベーシック,サバナクロー,－,10
513,ラギー 新春の衣の写真①,R,装飾：写真,,,2,6,5,4,2,ポップ,ベーシック,サバナクロー,－,10
514,ラギー 新春の衣の写真②,SR,装飾：写真,,,2,6,6,4,2,ポップ,ベーシック,サバナクロー,－,10
515,アズール 寮服の写真①,R,装飾：写真,,,2,6,5,4,2,エレガント,スタイリッシュ,オクタヴィネル,－,10
516,アズール 寮服の写真②,SR,装飾：写真,,,2,6,6,4,2,エレガント,スタイリッシュ,オクタヴィネル,－,10
517,アズール おめかしバースデーの写真①,R,装飾：写真,,,2,6,5,4,2,エレガント,スタイリッシュ,オクタヴィネル,－,10
518,アズール おめかしバースデーの写真②,SR,装飾：写真,,,2,6,6,4,2,エレガント,スタイリッシュ,オクタヴィネル,－,10
519,アズール ユニオンバースデーの写真①,R,装飾：写真,,,2,6,5,4,2,エレガント,スタイリッシュ,オクタヴィネル,－,10
520,アズール ユニオンバースデーの写真②,SR,装飾：写真,,,2,6,6,4,2,エレガント,スタイリッシュ,オクタヴィネル,－,10
521,アズール ブルームバースデーの写真①,R,装飾：写真,,,2,6,5,4,2,エレガント,スタイリッシュ,オクタヴィネル,－,10
522,アズール ブルームバースデーの写真②,SR,装飾：写真,,,2,6,6,4,2,エレガント,スタイリッシュ,オクタヴィネル,－,10
523,アズール ビーンズ・カモの写真①,R,装飾：写真,,,2,6,5,4,2,エレガント,スタイリッシュ,オクタヴィネル,－,10
524,アズール ビーンズ・カモの写真②,SR,装飾：写真,,,2,6,6,4,2,エレガント,スタイリッシュ,オクタヴィネル,－,10
525,アズール マスカレードドレスの写真①,R,装飾：写真,,,2,6,5,4,2,エレガント,スタイリッシュ,オクタヴィネル,－,10
526,アズール マスカレードドレスの写真②,SR,装飾：写真,,,2,6,6,4,2,エレガント,スタイリッシュ,オクタヴィネル,－,10
527,ジェイド 寮服の写真①,R,装飾：写真,,,2,6,5,4,2,スタイリッシュ,ベーシック,オクタヴィネル,－,10
528,ジェイド 寮服の写真②,SR,装飾：写真,,,2,6,6,4,2,スタイリッシュ,ベーシック,オクタヴィネル,－,10
529,ジェイド おめかしバースデーの写真①,R,装飾：写真,,,2,6,5,4,2,スタイリッシュ,ベーシック,オクタヴィネル,－,10
530,ジェイド おめかしバースデーの写真②,SR,装飾：写真,,,2,6,6,4,2,スタイリッシュ,ベーシック,オクタヴィネル,－,10
531,ジェイド ユニオンバースデーの写真①,R,装飾：写真,,,2,6,5,4,2,スタイリッシュ,ベーシック,オクタヴィネル,－,10
532,ジェイド ユニオンバースデーの写真②,SR,装飾：写真,,,2,6,6,4,2,スタイリッシュ,ベーシック,オクタヴィネル,－,10
533,ジェイド ブルームバースデーの写真①,R,装飾：写真,,,2,6,5,4,2,スタイリッシュ,ベーシック,オクタヴィネル,－,10
534,ジェイド ブルームバースデーの写真②,SR,装飾：写真,,,2,6,6,4,2,スタイリッシュ,ベーシック,オクタヴィネル,－,10
535,ジェイド スケアリー・ドレスの写真①,R,装飾：写真,,,2,6,5,4,2,スタイリッシュ,ベーシック,オクタヴィネル,－,10
536,ジェイド スケアリー・ドレスの写真②,SR,装飾：写真,,,2,6,6,4,2,スタイリッシュ,ベーシック,オクタヴィネル,－,10
537,フロイド 寮服の写真①,R,装飾：写真,,,2,6,5,4,2,ユニーク,ポップ,オクタヴィネル,－,10
538,フロイド 寮服の写真②,SR,装飾：写真,,,2,6,6,4,2,ユニーク,ポップ,オクタヴィネル,－,10
539,フロイド おめかしバースデーの写真①,R,装飾：写真,,,2,6,5,4,2,ユニーク,ポップ,オクタヴィネル,－,10
540,フロイド おめかしバースデーの写真②,SR,装飾：写真,,,2,6,6,4,2,ユニーク,ポップ,オクタヴィネル,－,10
541,フロイド ユニオンバースデーの写真①,R,装飾：写真,,,2,6,5,4,2,ユニーク,ポップ,オクタヴィネル,－,10
542,フロイド ユニオンバースデーの写真②,SR,装飾：写真,,,2,6,6,4,2,ユニーク,ポップ,オクタヴィネル,－,10
543,フロイド ブルームバースデーの写真①,R,装飾：写真,,,2,6,5,4,2,ユニーク,ポップ,オクタヴィネル,－,10
544,フロイド ブルームバースデーの写真②,SR,装飾：写真,,,2,6,6,4,2,ユニーク,ポップ,オクタヴィネル,－,10
545,フロイド ビーンズ・カモの写真①,R,装飾：写真,,,2,6,5,4,2,ユニーク,ポップ,オクタヴィネル,－,10
546,フロイド ビーンズ・カモの写真②,SR,装飾：写真,,,2,6,6,4,2,ユニーク,ポップ,オクタヴィネル,－,10
547,フロイド クラブ・ウェアの写真①,R,装飾：写真,,,2,6,5,4,2,ユニーク,ポップ,オクタヴィネル,－,10
548,フロイド クラブ・ウェアの写真②,SR,装飾：写真,,,2,6,6,4,2,ユニーク,ポップ,オクタヴィネル,－,10
549,カリム 寮服の写真①,R,装飾：写真,,,2,6,5,4,2,ポップ,ユニーク,スカラビア,－,10
550,カリム 寮服の写真②,SR,装飾：写真,,,2,6,6,4,2,ポップ,ユニーク,スカラビア,－,10
551,カリム おめかしバースデーの写真①,R,装飾：写真,,,2,6,5,4,2,ポップ,ユニーク,スカラビア,－,10
552,カリム おめかしバースデーの写真②,SR,装飾：写真,,,2,6,6,4,2,ポップ,ユニーク,スカラビア,－,10
553,カリム ユニオンバースデーの写真①,R,装飾：写真,,,2,6,5,4,2,ポップ,ユニーク,スカラビア,－,10
554,カリム ユニオンバースデーの写真②,SR,装飾：写真,,,2,6,6,4,2,ポップ,ユニーク,スカラビア,－,10
555,カリム ブルームバースデーの写真①,R,装飾：写真,,,2,6,5,4,2,ポップ,ユニーク,スカラビア,－,10
556,カリム ブルームバースデーの写真②,SR,装飾：写真,,,2,6,6,4,2,ポップ,ユニーク,スカラビア,－,10
557,カリム 新春の衣の写真①,R,装飾：写真,,,2,6,5,4,2,ポップ,ユニーク,スカラビア,－,10
558,カリム 新春の衣の写真②,SR,装飾：写真,,,2,6,6,4,2,ポップ,ユニーク,スカラビア,－,10
559,カリム クラブ・ウェアの写真①,R,装飾：写真,,,2,6,5,4,2,ポップ,ユニーク,スカラビア,－,10
560,カリム クラブ・ウェアの写真②,SR,装飾：写真,,,2,6,6,4,2,ポップ,ユニーク,スカラビア,－,10
561,ジャミル 寮服の写真①,R,装飾：写真,,,2,6,5,4,2,スタイリッシュ,エレガント,スカラビア,－,10
562,ジャミル 寮服の写真②,SR,装飾：写真,,,2,6,6,4,2,スタイリッシュ,エレガント,スカラビア,－,10
563,ジャミル おめかしバースデーの写真①,R,装飾：写真,,,2,6,5,4,2,スタイリッシュ,エレガント,スカラビア,－,10
564,ジャミル おめかしバースデーの写真②,SR,装飾：写真,,,2,6,6,4,2,スタイリッシュ,エレガント,スカラビア,－,10
565,ジャミル ユニオンバースデーの写真①,R,装飾：写真,,,2,6,5,4,2,スタイリッシュ,エレガント,スカラビア,－,10
566,ジャミル ユニオンバースデーの写真②,SR,装飾：写真,,,2,6,6,4,2,スタイリッシュ,エレガント,スカラビア,－,10
567,ジャミル ブルームバースデーの写真①,R,装飾：写真,,,2,6,5,4,2,スタイリッシュ,エレガント,スカラビア,－,10
568,ジャミル ブルームバースデーの写真②,SR,装飾：写真,,,2,6,6,4,2,スタイリッシュ,エレガント,スカラビア,－,10
569,ジャミル ヤーサミーナシルクの写真①,R,装飾：写真,,,2,6,5,4,2,スタイリッシュ,エレガント,スカラビア,－,10
570,ジャミル ヤーサミーナシルクの写真②,SR,装飾：写真,,,2,6,6,4,2,スタイリッシュ,エレガント,スカラビア,－,10
571,ジャミル クラブ・ウェアの写真①,R,装飾：写真,,,2,6,5,4,2,スタイリッシュ,エレガント,スカラビア,－,10
572,ジャミル クラブ・ウェアの写真②,SR,装飾：写真,,,2,6,6,4,2,スタイリッシュ,エレガント,スカラビア,－,10
573,ヴィル 寮服の写真①,R,装飾：写真,,,2,6,5,4,2,エレガント,スタイリッシュ,ポムフィオーレ,－,10
574,ヴィル 寮服の写真②,SR,装飾：写真,,,2,6,6,4,2,エレガント,スタイリッシュ,ポムフィオーレ,－,10
575,ヴィル おめかしバースデーの写真①,R,装飾：写真,,,2,6,5,4,2,エレガント,スタイリッシュ,ポムフィオーレ,－,10
576,ヴィル おめかしバースデーの写真②,SR,装飾：写真,,,2,6,6,4,2,エレガント,スタイリッシュ,ポムフィオーレ,－,10
577,ヴィル ユニオンバースデーの写真①,R,装飾：写真,,,2,6,5,4,2,エレガント,スタイリッシュ,ポムフィオーレ,－,10
578,ヴィル ユニオンバースデーの写真②,SR,装飾：写真,,,2,6,6,4,2,エレガント,スタイリッシュ,ポムフィオーレ,－,10
579,ヴィル ブルームバースデーの写真①,R,装飾：写真,,,2,6,5,4,2,エレガント,スタイリッシュ,ポムフィオーレ,－,10
580,ヴィル ブルームバースデーの写真②,SR,装飾：写真,,,2,6,6,4,2,エレガント,スタイリッシュ,ポムフィオーレ,－,10
581,ヴィル スケアリー・ドレスの写真①,R,装飾：写真,,,2,6,5,4,2,エレガント,スタイリッシュ,ポムフィオーレ,－,10
582,ヴィル スケアリー・ドレスの写真②,SR,装飾：写真,,,2,6,6,4,2,エレガント,スタイリッシュ,ポムフィオーレ,－,10
583,エペル 寮服の写真①,R,装飾：写真,,,2,6,5,4,2,ベーシック,ポップ,ポムフィオーレ,－,10
584,エペル 寮服の写真②,SR,装飾：写真,,,2,6,6,4,2,ベーシック,ポップ,ポムフィオーレ,－,10
585,エペル おめかしバースデーの写真①,R,装飾：写真,,,2,6,5,4,2,ベーシック,ポップ,ポムフィオーレ,－,10
586,エペル おめかしバースデーの写真②,SR,装飾：写真,,,2,6,6,4,2,ベーシック,ポップ,ポムフィオーレ,－,10
587,エペル ユニオンバースデーの写真①,R,装飾：写真,,,2,6,5,4,2,ベーシック,ポップ,ポムフィオーレ,－,10
588,エペル ユニオンバースデーの写真②,SR,装飾：写真,,,2,6,6,4,2,ベーシック,ポップ,ポムフィオーレ,－,10
589,エペル ブルームバースデーの写真①,R,装飾：写真,,,2,6,5,4,2,ベーシック,ポップ,ポムフィオーレ,－,10
590,エペル ブルームバースデーの写真②,SR,装飾：写真,,,2,6,6,4,2,ベーシック,ポップ,ポムフィオーレ,－,10
591,エペル アップル・ボアの写真①,R,装飾：写真,,,2,6,5,4,2,ベーシック,ポップ,ポムフィオーレ,－,10
592,エペル アップル・ボアの写真②,SR,装飾：写真,,,2,6,6,4,2,ベーシック,ポップ,ポムフィオーレ,－,10
593,ルーク 寮服の写真①,R,装飾：写真,,,2,6,5,4,2,ユニーク,エレガント,ポムフィオーレ,－,10
594,ルーク 寮服の写真②,SR,装飾：写真,,,2,6,6,4,2,ユニーク,エレガント,ポムフィオーレ,－,10
595,ルーク おめかしバースデーの写真①,R,装飾：写真,,,2,6,5,4,2,ユニーク,エレガント,ポムフィオーレ,－,10
596,ルーク おめかしバースデーの写真②,SR,装飾：写真,,,2,6,6,4,2,ユニーク,エレガント,ポムフィオーレ,－,10
597,ルーク ユニオンバースデーの写真①,R,装飾：写真,,,2,6,5,4,2,ユニーク,エレガント,ポムフィオーレ,－,10
598,ルーク ユニオンバースデーの写真②,SR,装飾：写真,,,2,6,6,4,2,ユニーク,エレガント,ポムフィオーレ,－,10
599,ルーク ブルームバースデーの写真①,R,装飾：写真,,,2,6,5,4,2,ユニーク,エレガント,ポムフィオーレ,－,10
600,ルーク ブルームバースデーの写真②,SR,装飾：写真,,,2,6,6,4,2,ユニーク,エレガント,ポムフィオーレ,－,10
601,ルーク スケアリー・ドレスの写真①,R,装飾：写真,,,2,6,5,4,2,ユニーク,エレガント,ポムフィオーレ,－,10
602,ルーク スケアリー・ドレスの写真②,SR,装飾：写真,,,2,6,6,4,2,ユニーク,エレガント,ポムフィオーレ,－,10
603,イデア 寮服の写真①,R,装飾：写真,,,2,6,5,4,2,ユニーク,エレガント,イグニハイド,－,10
604,イデア 寮服の写真②,SR,装飾：写真,,,2,6,6,4,2,ユニーク,エレガント,イグニハイド,－,10
605,イデア おめかしバースデーの写真①,R,装飾：写真,,,2,6,5,4,2,ユニーク,エレガント,イグニハイド,－,10
606,イデア おめかしバースデーの写真②,SR,装飾：写真,,,2,6,6,4,2,ユニーク,エレガント,イグニハイド,－,10
607,イデア ユニオンバースデーの写真①,R,装飾：写真,,,2,6,5,4,2,ユニーク,エレガント,イグニハイド,－,10
608,イデア ユニオンバースデーの写真②,SR,装飾：写真,,,2,6,6,4,2,ユニーク,エレガント,イグニハイド,－,10
609,イデア ブルームバースデーの写真①,R,装飾：写真,,,2,6,5,4,2,ユニーク,エレガント,イグニハイド,－,10
610,イデア ブルームバースデーの写真②,SR,装飾：写真,,,2,6,6,4,2,ユニーク,エレガント,イグニハイド,－,10
611,イデア なりきり花婿の写真①,R,装飾：写真,,,2,6,5,4,2,ユニーク,エレガント,イグニハイド,－,10
612,イデア なりきり花婿の写真②,SR,装飾：写真,,,2,6,6,4,2,ユニーク,エレガント,イグニハイド,－,10
613,イデア マスカレードドレスの写真①,R,装飾：写真,,,2,6,5,4,2,ユニーク,エレガント,イグニハイド,－,10
614,イデア マスカレードドレスの写真②,SR,装飾：写真,,,2,6,6,4,2,ユニーク,エレガント,イグニハイド,－,10
615,オルト イグニハイド・ギアの写真①,R,装飾：写真,,,2,6,5,4,2,ユニーク,ポップ,イグニハイド,－,10
616,オルト イグニハイド・ギアの写真②,SR,装飾：写真,,,2,6,6,4,2,ユニーク,ポップ,イグニハイド,－,10
617,オルト おめかし・ギアの写真①,R,装飾：写真,,,2,6,5,4,2,ユニーク,ポップ,イグニハイド,－,10
618,オルト おめかし・ギアの写真②,SR,装飾：写真,,,2,6,6,4,2,ユニーク,ポップ,イグニハイド,－,10
619,オルト ユニオン・ギアの写真①,R,装飾：写真,,,2,6,5,4,2,ユニーク,ポップ,イグニハイド,－,10
620,オルト ユニオン・ギアの写真②,SR,装飾：写真,,,2,6,6,4,2,ユニーク,ポップ,イグニハイド,－,10
621,オルト ブルーム・ギアの写真①,R,装飾：写真,,,2,6,5,4,2,ユニーク,ポップ,イグニハイド,－,10
622,オルト ブルーム・ギアの写真②,SR,装飾：写真,,,2,6,6,4,2,ユニーク,ポップ,イグニハイド,－,10
623,オルト フェアリー・ギアの写真①,R,装飾：写真,,,2,6,5,4,2,ユニーク,ポップ,イグニハイド,－,10
624,オルト フェアリー・ギアの写真②,SR,装飾：写真,,,2,6,6,4,2,ユニーク,ポップ,イグニハイド,－,10
625,マレウス 寮服の写真①,R,装飾：写真,,,2,6,5,4,2,スタイリッシュ,ベーシック,ディアソムニア,－,10
626,マレウス 寮服の写真②,SR,装飾：写真,,,2,6,6,4,2,スタイリッシュ,ベーシック,ディアソムニア,－,10
627,マレウス おめかしバースデーの写真①,R,装飾：写真,,,2,6,5,4,2,スタイリッシュ,ベーシック,ディアソムニア,－,10
628,マレウス おめかしバースデーの写真②,SR,装飾：写真,,,2,6,6,4,2,スタイリッシュ,ベーシック,ディアソムニア,－,10
629,マレウス ユニオンバースデーの写真①,R,装飾：写真,,,2,6,5,4,2,スタイリッシュ,ベーシック,ディアソムニア,－,10
630,マレウス ユニオンバースデーの写真②,SR,装飾：写真,,,2,6,6,4,2,スタイリッシュ,ベーシック,ディアソムニア,－,10
631,マレウス ブルームバースデーの写真①,R,装飾：写真,,,2,6,5,4,2,スタイリッシュ,ベーシック,ディアソムニア,－,10
632,マレウス ブルームバースデーの写真②,SR,装飾：写真,,,2,6,6,4,2,スタイリッシュ,ベーシック,ディアソムニア,－,10
633,マレウス マスカレードドレスの写真①,R,装飾：写真,,,2,6,5,4,2,スタイリッシュ,ベーシック,ディアソムニア,－,10
634,マレウス マスカレードドレスの写真②,SR,装飾：写真,,,2,6,6,4,2,スタイリッシュ,ベーシック,ディアソムニア,－,10
635,シルバー 寮服の写真①,R,装飾：写真,,,2,6,5,4,2,ベーシック,エレガント,ディアソムニア,－,10
636,シルバー 寮服の写真②,SR,装飾：写真,,,2,6,6,4,2,ベーシック,エレガント,ディアソムニア,－,10
637,シルバー おめかしバースデーの写真①,R,装飾：写真,,,2,6,5,4,2,ベーシック,エレガント,ディアソムニア,－,10
638,シルバー おめかしバースデーの写真②,SR,装飾：写真,,,2,6,6,4,2,ベーシック,エレガント,ディアソムニア,－,10
639,シルバー ユニオンバースデーの写真①,R,装飾：写真,,,2,6,5,4,2,ベーシック,エレガント,ディアソムニア,－,10
640,シルバー ユニオンバースデーの写真②,SR,装飾：写真,,,2,6,6,4,2,ベーシック,エレガント,ディアソムニア,－,10
641,シルバー ブルームバースデーの写真①,R,装飾：写真,,,2,6,5,4,2,ベーシック,エレガント,ディアソムニア,－,10
642,シルバー ブルームバースデーの写真②,SR,装飾：写真,,,2,6,6,4,2,ベーシック,エレガント,ディアソムニア,－,10
643,シルバー スケアリー・ドレスの写真①,R,装飾：写真,,,2,6,5,4,2,ベーシック,エレガント,ディアソムニア,－,10
644,シルバー スケアリー・ドレスの写真②,SR,装飾：写真,,,2,6,6,4,2,ベーシック,エレガント,ディアソムニア,－,10
645,セベク 寮服の写真①,R,装飾：写真,,,2,6,5,4,2,スタイリッシュ,ユニーク,ディアソムニア,－,10
646,セベク 寮服の写真②,SR,装飾：写真,,,2,6,6,4,2,スタイリッシュ,ユニーク,ディアソムニア,－,10
647,セベク おめかしバースデーの写真①,R,装飾：写真,,,2,6,5,4,2,スタイリッシュ,ユニーク,ディアソムニア,－,10
648,セベク おめかしバースデーの写真②,SR,装飾：写真,,,2,6,6,4,2,スタイリッシュ,ユニーク,ディアソムニア,－,10
649,セベク ユニオンバースデーの写真①,R,装飾：写真,,,2,6,5,4,2,スタイリッシュ,ユニーク,ディアソムニア,－,10
650,セベク ユニオンバースデーの写真②,SR,装飾：写真,,,2,6,6,4,2,スタイリッシュ,ユニーク,ディアソムニア,－,10
651,セベク ブルームバースデーの写真①,R,装飾：写真,,,2,6,5,4,2,スタイリッシュ,ユニーク,ディアソムニア,－,10
652,セベク ブルームバースデーの写真②,SR,装飾：写真,,,2,6,6,4,2,スタイリッシュ,ユニーク,ディアソムニア,－,10
653,セベク 新春の衣の写真①,R,装飾：写真,,,2,6,5,4,2,スタイリッシュ,ユニーク,ディアソムニア,－,10
654,セベク 新春の衣の写真②,SR,装飾：写真,,,2,6,6,4,2,スタイリッシュ,ユニーク,ディアソムニア,－,10
655,リリア 寮服の写真①,R,装飾：写真,,,2,6,5,4,2,ポップ,ユニーク,ディアソムニア,－,10
656,リリア 寮服の写真②,SR,装飾：写真,,,2,6,6,4,2,ポップ,ユニーク,ディアソムニア,－,10
657,リリア おめかしバースデーの写真①,R,装飾：写真,,,2,6,5,4,2,ポップ,ユニーク,ディアソムニア,－,10
658,リリア おめかしバースデーの写真②,SR,装飾：写真,,,2,6,6,4,2,ポップ,ユニーク,ディアソムニア,－,10
659,リリア ユニオンバースデーの写真①,R,装飾：写真,,,2,6,5,4,2,ポップ,ユニーク,ディアソムニア,－,10
660,リリア ユニオンバースデーの写真②,SR,装飾：写真,,,2,6,6,4,2,ポップ,ユニーク,ディアソムニア,－,10
661,リリア ブルームバースデーの写真①,R,装飾：写真,,,2,6,5,4,2,ポップ,ユニーク,ディアソムニア,－,10
662,リリア ブルームバースデーの写真②,SR,装飾：写真,,,2,6,6,4,2,ポップ,ユニーク,ディアソムニア,－,10
663,リリア クラブ・ウェアの写真①,R,装飾：写真,,,2,6,5,4,2,ポップ,ユニーク,ディアソムニア,－,10
664,リリア クラブ・ウェアの写真②,SR,装飾：写真,,,2,6,6,4,2,ポップ,ユニーク,ディアソムニア,－,10
665,マジカルホイール（黒）,R,雑貨：大型雑貨,2,,,3,3,2,1,スタイリッシュ,ベーシック,ナイトレイブンカレッジ,－,40
666,アズール ツムステの写真①,R,装飾：写真,,,2,6,5,4,2,エレガント,スタイリッシュ,オクタヴィネル,－,10
667,アズール ツムステの写真②,SR,装飾：写真,,,2,6,6,4,2,エレガント,スタイリッシュ,オクタヴィネル,－,10
668,カリム ツムステの写真①,R,装飾：写真,,,2,6,5,4,2,ポップ,ユニーク,スカラビア,－,10
669,カリム ツムステの写真②,SR,装飾：写真,,,2,6,6,4,2,ポップ,ユニーク,スカラビア,－,10
670,デュースのツム,SSR,雑貨：小型雑貨,1,,,7,6,7,,ユニーク,－,ハーツラビュル,－,20
671,アズールのツム,SSR,雑貨：小型雑貨,1,,,7,6,7,,ユニーク,－,オクタヴィネル,－,20
672,ジェイドのツム,SSR,雑貨：小型雑貨,1,,,7,6,7,,ユニーク,－,オクタヴィネル,－,20
673,カリムのツム,SSR,雑貨：小型雑貨,1,,,7,6,7,,ユニーク,－,スカラビア,－,20
674,ルークのツム,SSR,雑貨：小型雑貨,1,,,7,6,7,,ユニーク,－,ポムフィオーレ,－,20
675,オルトのツム,SSR,雑貨：小型雑貨,1,,,7,6,7,,ユニーク,－,イグニハイド,－,20
676,リリアのツム,SSR,雑貨：小型雑貨,1,,,7,6,7,,ユニーク,－,ディアソムニア,－,20
677,ツムステのフレーム（朝）,SSR,内観・外観：前景,,,,9,,9,,ユニーク,－,なし,－,2
678,ツムステのフレーム（夕）,SSR,内観・外観：前景,,,,9,,9,,ユニーク,－,なし,－,2
679,ルークの実験器具セット（クラブ）,SR,雑貨：大型雑貨,2,,,6,6,4,2,ベーシック,ポップ,ポムフィオーレ,－,30
680,ルークのフレーム（クラブ）,SR,内観・外観：前景,,,,6,5,4,2,ベーシック,ポップ,ポムフィオーレ,－,2
681,ルークの魔法薬セット（クラブ）,SSR,雑貨：大型雑貨,4,,,10,10,7,3,ベーシック,ポップ,ポムフィオーレ,－,20
682,トレイの実験器具セット（クラブ）,SR,雑貨：大型雑貨,2,,,6,6,4,2,ベーシック,ポップ,ハーツラビュル,－,30
683,トレイのフレーム（クラブ）,SR,内観・外観：前景,,,,6,5,4,2,ベーシック,ポップ,ハーツラビュル,－,2
684,トレイのプランターセット（クラブ）,SSR,雑貨：大型雑貨,4,,,10,10,7,3,ベーシック,ポップ,ハーツラビュル,－,20
685,実験室の床,SR,内観・外観：床,,,,20,,20,,ベーシック,－,なし,サイエンス部シリーズ,1
686,実験室の壁,SR,内観・外観：壁紙,,,,20,,14,6,ベーシック,ポップ,なし,サイエンス部シリーズ,1
687,実験室の前景（下）①,R,内観・外観：前景,,,,12,,12,,ベーシック,－,なし,サイエンス部シリーズ,2
688,実験室の前景（下）②,R,内観・外観：前景,,,,12,,12,,ベーシック,－,なし,サイエンス部シリーズ,2
689,サイエンス部の実験器具セット,SR,雑貨：大型雑貨,4,,,14,,10,4,ベーシック,ポップ,なし,サイエンス部シリーズ,30
690,実験室の薬品棚,SR,家具：収納,2,,,10,,7,3,ベーシック,ポップ,なし,サイエンス部シリーズ,30
691,実験室のタペストリー,SR,装飾：写真,,,2,10,,10,,ベーシック,－,なし,サイエンス部シリーズ,30
692,実験室の黒板,SR,雑貨：大型雑貨,2,,,10,,10,,ベーシック,－,なし,サイエンス部シリーズ,30
693,実験室の長机,SR,家具：机,2,,,10,,10,,ベーシック,－,なし,サイエンス部シリーズ,30
694,クラブ・ウェア（ルーク）,SR,雑貨：衣装,1,,,8,,8,,ベーシック,－,なし,サイエンス部シリーズ,30
695,クラブ・ウェア（トレイ）,SR,雑貨：衣装,1,,,8,,8,,ベーシック,－,なし,サイエンス部シリーズ,30
696,実験室の丸椅子,R,家具：椅子,1,,,6,,6,,ベーシック,－,なし,サイエンス部シリーズ,40
697,サイエンス部のパーティション,R,装飾：パーティション,1,,,6,,6,,ベーシック,－,なし,サイエンス部シリーズ,40
698,厨房の大きい調理台②,SR,家具：その他,3,,,12,,8,4,ベーシック,ポップ,なし,マスターシェフシリーズ,30
699,厨房のオーブン付きコンロ台,SR,家具：その他,3,,,12,,8,4,ベーシック,ポップ,なし,マスターシェフシリーズ,10
700,厨房の流し台,R,家具：その他,2,,,8,,8,,ベーシック,－,なし,マスターシェフシリーズ,30
701,リドル クラブ・ウェアの写真①,R,装飾：写真,,,2,6,5,4,2,スタイリッシュ,ユニーク,ハーツラビュル,－,10
702,リドル クラブ・ウェアの写真②,SR,装飾：写真,,,2,6,6,4,2,スタイリッシュ,ユニーク,ハーツラビュル,－,10
703,デュース クラブ・ウェアの写真①,R,装飾：写真,,,2,6,5,4,2,ベーシック,エレガント,ハーツラビュル,－,10
704,デュース クラブ・ウェアの写真②,SR,装飾：写真,,,2,6,6,4,2,ベーシック,エレガント,ハーツラビュル,－,10
705,トレイ クラブ・ウェアの写真①,R,装飾：写真,,,2,6,5,4,2,エレガント,ポップ,ハーツラビュル,－,10
706,トレイ クラブ・ウェアの写真②,SR,装飾：写真,,,2,6,6,4,2,エレガント,ポップ,ハーツラビュル,－,10
707,レオナ クラブ・ウェアの写真①,R,装飾：写真,,,2,6,5,4,2,エレガント,ユニーク,サバナクロー,－,10
708,レオナ クラブ・ウェアの写真②,SR,装飾：写真,,,2,6,6,4,2,エレガント,ユニーク,サバナクロー,－,10
709,ジャック クラブ・ウェアの写真①,R,装飾：写真,,,2,6,5,4,2,ベーシック,スタイリッシュ,サバナクロー,－,10
710,ジャック クラブ・ウェアの写真②,SR,装飾：写真,,,2,6,6,4,2,ベーシック,スタイリッシュ,サバナクロー,－,10
711,ラギー クラブ・ウェアの写真①,R,装飾：写真,,,2,6,5,4,2,ポップ,ベーシック,サバナクロー,－,10
712,ラギー クラブ・ウェアの写真②,SR,装飾：写真,,,2,6,6,4,2,ポップ,ベーシック,サバナクロー,－,10
713,アズール クラブ・ウェアの写真①,R,装飾：写真,,,2,6,5,4,2,エレガント,スタイリッシュ,オクタヴィネル,－,10
714,アズール クラブ・ウェアの写真②,SR,装飾：写真,,,2,6,6,4,2,エレガント,スタイリッシュ,オクタヴィネル,－,10
715,ジェイド クラブ・ウェアの写真①,R,装飾：写真,,,2,6,5,4,2,スタイリッシュ,ベーシック,オクタヴィネル,－,10
716,ジェイド クラブ・ウェアの写真②,SR,装飾：写真,,,2,6,6,4,2,スタイリッシュ,ベーシック,オクタヴィネル,－,10
717,ヴィル クラブ・ウェアの写真①,R,装飾：写真,,,2,6,5,4,2,エレガント,スタイリッシュ,ポムフィオーレ,－,10
718,ヴィル クラブ・ウェアの写真②,SR,装飾：写真,,,2,6,6,4,2,エレガント,スタイリッシュ,ポムフィオーレ,－,10
719,エペル クラブ・ウェアの写真①,R,装飾：写真,,,2,6,5,4,2,ベーシック,ポップ,ポムフィオーレ,－,10
720,エペル クラブ・ウェアの写真②,SR,装飾：写真,,,2,6,6,4,2,ベーシック,ポップ,ポムフィオーレ,－,10
721,ルーク クラブ・ウェアの写真①,R,装飾：写真,,,2,6,5,4,2,ユニーク,エレガント,ポムフィオーレ,－,10
722,ルーク クラブ・ウェアの写真②,SR,装飾：写真,,,2,6,6,4,2,ユニーク,エレガント,ポムフィオーレ,－,10
723,イデア クラブ・ウェアの写真①,R,装飾：写真,,,2,6,5,4,2,ユニーク,エレガント,イグニハイド,－,10
724,イデア クラブ・ウェアの写真②,SR,装飾：写真,,,2,6,6,4,2,ユニーク,エレガント,イグニハイド,－,10
725,オルト クラブ・ウェアの写真①,R,装飾：写真,,,2,6,5,4,2,ユニーク,ポップ,イグニハイド,－,10
726,オルト クラブ・ウェアの写真②,SR,装飾：写真,,,2,6,6,4,2,ユニーク,ポップ,イグニハイド,－,10
727,マレウス クラブ・ウェアの写真①,R,装飾：写真,,,2,6,5,4,2,スタイリッシュ,ベーシック,ディアソムニア,－,10
728,マレウス クラブ・ウェアの写真②,SR,装飾：写真,,,2,6,6,4,2,スタイリッシュ,ベーシック,ディアソムニア,－,10
729,シルバー クラブ・ウェアの写真①,R,装飾：写真,,,2,6,5,4,2,ベーシック,エレガント,ディアソムニア,－,10
730,シルバー クラブ・ウェアの写真②,SR,装飾：写真,,,2,6,6,4,2,ベーシック,エレガント,ディアソムニア,－,10
731,セベク クラブ・ウェアの写真①,R,装飾：写真,,,2,6,5,4,2,スタイリッシュ,ユニーク,ディアソムニア,－,10
732,セベク クラブ・ウェアの写真②,SR,装飾：写真,,,2,6,6,4,2,スタイリッシュ,ユニーク,ディアソムニア,－,10
733,オルト ケルベロス・ギアの写真①,R,装飾：写真,,,2,6,5,4,2,ユニーク,ポップ,イグニハイド,－,10
734,オルト ケルベロス・ギアの写真②,SR,装飾：写真,,,2,6,6,4,2,ユニーク,ポップ,イグニハイド,－,10
735,ケルベロス・ギア（オルト）,SR,雑貨：衣装,1,,,6,5,4,2,スタイリッシュ,ユニーク,イグニハイド,－,30
736,S.T.Y.X.のフレーム（オルト）,SR,内観・外観：前景,,,,6,5,4,2,スタイリッシュ,ユニーク,イグニハイド,－,2
737,KB-RS01&02,SSR,雑貨：大型雑貨,4,,,10,10,7,3,スタイリッシュ,ユニーク,イグニハイド,－,20
738,ヴィル ヤーサミーナシルクの写真①,R,装飾：写真,,,2,6,5,4,2,エレガント,スタイリッシュ,ポムフィオーレ,－,10
739,ヴィル ヤーサミーナシルクの写真②,SR,装飾：写真,,,2,6,6,4,2,エレガント,スタイリッシュ,ポムフィオーレ,－,10
740,ヤーサミーナシルク（ヴィル）,SR,雑貨：衣装,1,,,6,5,6,,エレガント,－,ポムフィオーレ,－,30
741,ヴィルのフレーム（熱砂の国）,SR,内観・外観：前景,,,,6,5,6,,エレガント,－,ポムフィオーレ,－,2
742,花火ステージセット（ヴィル）,SSR,雑貨：大型雑貨,4,,,10,10,10,,エレガント,－,ポムフィオーレ,－,20
743,汚れたランプ,SSR,雑貨：小型雑貨,1,,,10,,10,,エレガント,－,なし,熱砂の国シリーズ,1
744,熱砂の国の店①,SR,雑貨：大型雑貨,4,,,14,,10,4,エレガント,ポップ,なし,熱砂の国シリーズ,30
745,床置きライト,R,雑貨：大型雑貨,2,,,8,,8,,エレガント,－,なし,熱砂の国シリーズ,40
746,ヤーサミーナシルク（ジャミル）,SR,雑貨：衣装,1,,,8,,8,,エレガント,－,なし,熱砂の国シリーズ,30
747,花火を見つめる二人の像,SR,雑貨：大型雑貨,4,,,14,,14,,エレガント,－,なし,熱砂の国シリーズ,30
748,花火大会会場の観覧席,SR,雑貨：大型雑貨,6,,,16,,11,5,エレガント,ポップ,なし,熱砂の国シリーズ,30
749,熱砂の国の壺,R,雑貨：大型雑貨,2,,,8,,6,2,エレガント,ポップ,なし,熱砂の国シリーズ,40
750,熱砂の国の店②,SR,雑貨：大型雑貨,4,,,14,,10,4,エレガント,ポップ,なし,熱砂の国シリーズ,30
751,花火大会会場の床,SR,内観・外観：床,,,,20,,14,6,エレガント,ポップ,なし,熱砂の国シリーズ,1
752,花火大会会場の壁,SSR,内観・外観：壁紙,,,,22,,15,7,エレガント,ポップ,なし,熱砂の国シリーズ,1
753,リリア 右大将の甲冑の写真①,R,装飾：写真,,,2,6,5,4,2,ポップ,ユニーク,ディアソムニア,－,10
754,リリア 右大将の甲冑の写真②,SR,装飾：写真,,,2,6,6,4,2,ポップ,ユニーク,ディアソムニア,－,10
755,右大将の甲冑（リリア）,SR,雑貨：衣装,1,,,6,5,4,2,ユニーク,スタイリッシュ,ディアソムニア,－,30
756,茨の国のフレーム（リリア）,SR,内観・外観：前景,,,,6,5,4,2,ユニーク,スタイリッシュ,ディアソムニア,－,2
757,右大将の魔石器,SSR,雑貨：大型雑貨,4,,,10,10,7,3,ユニーク,スタイリッシュ,ディアソムニア,－,20
758,デュース ラビット・ウェアの写真①,R,装飾：写真,,,2,6,5,4,2,ベーシック,エレガント,ハーツラビュル,－,10
759,デュース ラビット・ウェアの写真②,SR,装飾：写真,,,2,6,6,4,2,ベーシック,エレガント,ハーツラビュル,－,10
760,立派なビューグル,SSR,雑貨：小型雑貨,1,,,10,,10,,ポップ,－,なし,薔薇の王国シリーズ,1
761,白うさぎのトピアリー,SSR,雑貨：大型雑貨,4,,,16,,16,,ポップ,－,なし,薔薇の王国シリーズ,20
762,白うさぎのテーブル,R,家具：机,1,,,6,,6,,ポップ,－,なし,薔薇の王国シリーズ,40
763,白うさぎの植木,R,雑貨：小型雑貨,1,,,6,,6,,ポップ,－,なし,薔薇の王国シリーズ,40
764,白うさぎのバルーン,SR,雑貨：小型雑貨,1,,,8,,8,,ポップ,－,なし,薔薇の王国シリーズ,30
765,ラビット・ウェア（デュース）,SR,雑貨：衣装,1,,,8,,8,,ポップ,－,なし,薔薇の王国シリーズ,30
766,ホワイトラビット・フェスの屋台②,SR,雑貨：大型雑貨,4,,,14,,14,,ポップ,－,なし,薔薇の王国シリーズ,30
767,ホワイトラビット・フェスの屋台①,SR,雑貨：大型雑貨,4,,,14,,14,,ポップ,－,なし,薔薇の王国シリーズ,30
768,ラビット・ラン・レースの壁,SR,内観・外観：壁紙,,,,20,,20,,ポップ,－,なし,薔薇の王国シリーズ,1
769,ラビット・ラン・レースの床,SR,内観・外観：床,,,,20,,20,,ポップ,－,なし,薔薇の王国シリーズ,1
770,ジャックのスポーツバッグ（クラブ）,SR,雑貨：大型雑貨,2,,,6,6,4,2,ベーシック,スタイリッシュ,サバナクロー,－,30
771,ジャックのフレーム（クラブ）,SR,内観・外観：前景,,,,6,5,4,2,ベーシック,スタイリッシュ,サバナクロー,－,2
772,ジャックのトレーニングセット（クラブ）,SSR,雑貨：大型雑貨,10,,,13,12,9,4,ベーシック,スタイリッシュ,サバナクロー,－,20
773,デュースのスポーツバッグ（クラブ）,SR,雑貨：大型雑貨,2,,,6,6,4,2,ベーシック,スタイリッシュ,ハーツラビュル,－,30
774,デュースのフレーム（クラブ）,SR,内観・外観：前景,,,,6,5,4,2,ベーシック,スタイリッシュ,ハーツラビュル,－,2
775,デュースのトレーニングセット（クラブ）,SSR,雑貨：大型雑貨,10,,,13,12,9,4,ベーシック,スタイリッシュ,ハーツラビュル,－,20
776,陸上競技場の床,SR,内観・外観：床,,,,20,,14,6,ベーシック,スタイリッシュ,なし,陸上部シリーズ,1
777,陸上競技場の壁,SR,内観・外観：壁紙,,,,20,,14,6,ベーシック,スタイリッシュ,なし,陸上部シリーズ,1
778,陸上競技場の前景（下）①,R,内観・外観：前景,,,,12,,8,4,ベーシック,スタイリッシュ,なし,陸上部シリーズ,2
779,陸上競技場の前景（下）②,R,内観・外観：前景,,,,12,,8,4,ベーシック,スタイリッシュ,なし,陸上部シリーズ,2
780,陸上部のスポーツタイマー,SR,雑貨：大型雑貨,4,,,14,,14,,ベーシック,－,なし,陸上部シリーズ,30
781,陸上部のフィールド看板,SR,雑貨：大型雑貨,2,,,10,,7,3,ベーシック,スタイリッシュ,なし,陸上部シリーズ,30
782,陸上部のスターティングブロック,SR,雑貨：大型雑貨,2,,,10,,7,3,ベーシック,スタイリッシュ,なし,陸上部シリーズ,30
783,陸上部のトレーニングタイヤ,SR,雑貨：大型雑貨,2,,,10,,10,,ベーシック,－,なし,陸上部シリーズ,30
784,陸上部の給水テーブル,SR,雑貨：大型雑貨,2,,,10,,7,3,ベーシック,スタイリッシュ,なし,陸上部シリーズ,30
785,陸上部のハードルキャリー,SR,雑貨：大型雑貨,4,,,14,,14,,ベーシック,－,なし,陸上部シリーズ,30
786,クラブ・ウェア（ジャック）,SR,雑貨：衣装,1,,,8,,6,2,ベーシック,スタイリッシュ,なし,陸上部シリーズ,30
787,クラブ・ウェア（デュース）,SR,雑貨：衣装,1,,,8,,6,2,ベーシック,スタイリッシュ,なし,陸上部シリーズ,30
788,陸上部のミニコーン,R,雑貨：小型雑貨,1,,,6,,6,,ベーシック,－,なし,陸上部シリーズ,40
789,陸上部のハードル,R,雑貨：大型雑貨,2,,,8,,8,,ベーシック,－,なし,陸上部シリーズ,40
790,フロイド スイスイ・ウェアの写真①,R,装飾：写真,,,2,6,5,4,2,ユニーク,ポップ,オクタヴィネル,－,10
791,フロイド スイスイ・ウェアの写真②,SR,装飾：写真,,,2,6,6,4,2,ユニーク,ポップ,オクタヴィネル,－,10
792,リリア スイスイ・ウェアの写真①,R,装飾：写真,,,2,6,5,4,2,ポップ,ユニーク,ディアソムニア,－,10
793,リリア スイスイ・ウェアの写真②,SR,装飾：写真,,,2,6,6,4,2,ポップ,ユニーク,ディアソムニア,－,10
794,スイスイ・ウェア（フロイド）,SR,雑貨：衣装,1,,,6,5,4,2,ポップ,ユニーク,オクタヴィネル,－,30
795,スイスイ・ウェア（リリア）,SR,雑貨：衣装,1,,,6,5,4,2,ポップ,ユニーク,ディアソムニア,－,30
796,スイスイ・ウェア（リドル）,SR,雑貨：衣装,1,,,6,5,4,2,ポップ,ユニーク,ハーツラビュル,－,30
797,スイスイ・ウェア（エース）,SR,雑貨：衣装,1,,,6,5,4,2,ポップ,ユニーク,ハーツラビュル,－,30
798,スイスイ・ウェア（ジャック）,SR,雑貨：衣装,1,,,6,5,4,2,ポップ,ユニーク,サバナクロー,Lost in the Book with Stitchシリーズ,30
799,スイスイ・ウェア（アズール）,SR,雑貨：衣装,1,,,6,5,4,2,ポップ,ユニーク,オクタヴィネル,Lost in the Book with Stitchシリーズ,30
800,鮮やかな花,R,装飾：パーティション,1,,,6,,6,,ポップ,－,なし,Lost in the Book with Stitchシリーズ,40
801,うきわセット,SR,雑貨：大型雑貨,4,,,14,,10,4,ポップ,ユニーク,なし,Lost in the Book with Stitchシリーズ,30
802,フラッグ付きヤシの木,SR,雑貨：大型雑貨,4,,,14,,10,4,ポップ,ユニーク,なし,Lost in the Book with Stitchシリーズ,30
803,トーチ,R,雑貨：小型雑貨,1,,,6,,4,2,ポップ,ユニーク,なし,Lost in the Book with Stitchシリーズ,40
804,砂浜の落書き,SR,雑貨：大型雑貨,4,,,14,,10,4,ポップ,ユニーク,なし,Lost in the Book with Stitchシリーズ,30
805,コテージのジオラマ,SR,雑貨：大型雑貨,4,,,14,,10,4,ポップ,ユニーク,なし,Lost in the Book with Stitchシリーズ,30
806,砂のお城,R,雑貨：小型雑貨,1,,,6,,4,2,ポップ,ユニーク,なし,Lost in the Book with Stitchシリーズ,40
807,ヤシの木のハンモック,SR,家具：椅子,4,,,14,,14,,ポップ,－,なし,Lost in the Book with Stitchシリーズ,30
808,サーフボード,SR,雑貨：大型雑貨,2,,,10,,7,3,ポップ,ユニーク,なし,Lost in the Book with Stitchシリーズ,30
809,ビーチパラソル＆チェア,SR,家具：椅子,6,,,16,,11,5,ポップ,ユニーク,なし,Lost in the Book with Stitchシリーズ,30
810,南の島の床,SR,内観・外観：床,,,,20,,20,,ポップ,－,なし,Lost in the Book with Stitchシリーズ,1
811,南の島の壁,SR,内観・外観：壁紙,,,,20,,20,,ポップ,－,なし,Lost in the Book with Stitchシリーズ,1
812,スティッチの木像,SSR,雑貨：大型雑貨,4,,,16,,11,5,ポップ,ユニーク,なし,Lost in the Book with Stitchシリーズ,20
813,リドル プラチナジャケットの写真①,R,装飾：写真,,,2,6,5,4,2,スタイリッシュ,ユニーク,ハーツラビュル,－,10
814,リドル プラチナジャケットの写真②,SR,装飾：写真,,,2,6,6,4,2,スタイリッシュ,ユニーク,ハーツラビュル,－,10
815,エース プラチナジャケットの写真①,R,装飾：写真,,,2,6,5,4,2,ユニーク,スタイリッシュ,ハーツラビュル,－,10
816,エース プラチナジャケットの写真②,SR,装飾：写真,,,2,6,6,4,2,ユニーク,スタイリッシュ,ハーツラビュル,－,10
817,デュース プラチナジャケットの写真①,R,装飾：写真,,,2,6,5,4,2,ベーシック,エレガント,ハーツラビュル,－,10
818,デュース プラチナジャケットの写真②,SR,装飾：写真,,,2,6,6,4,2,ベーシック,エレガント,ハーツラビュル,－,10
819,ケイト プラチナジャケットの写真①,R,装飾：写真,,,2,6,5,4,2,ポップ,ベーシック,ハーツラビュル,－,10
820,ケイト プラチナジャケットの写真②,SR,装飾：写真,,,2,6,6,4,2,ポップ,ベーシック,ハーツラビュル,－,10
821,トレイ プラチナジャケットの写真①,R,装飾：写真,,,2,6,5,4,2,エレガント,ポップ,ハーツラビュル,－,10
822,トレイ プラチナジャケットの写真②,SR,装飾：写真,,,2,6,6,4,2,エレガント,ポップ,ハーツラビュル,－,10
823,レオナ プラチナジャケットの写真①,R,装飾：写真,,,2,6,5,4,2,エレガント,ユニーク,サバナクロー,－,10
824,レオナ プラチナジャケットの写真②,SR,装飾：写真,,,2,6,6,4,2,エレガント,ユニーク,サバナクロー,－,10
825,ジャック プラチナジャケットの写真①,R,装飾：写真,,,2,6,5,4,2,ベーシック,スタイリッシュ,サバナクロー,－,10
826,ジャック プラチナジャケットの写真②,SR,装飾：写真,,,2,6,6,4,2,ベーシック,スタイリッシュ,サバナクロー,－,10
827,ラギー プラチナジャケットの写真①,R,装飾：写真,,,2,6,5,4,2,ポップ,ベーシック,サバナクロー,－,10
828,ラギー プラチナジャケットの写真②,SR,装飾：写真,,,2,6,6,4,2,ポップ,ベーシック,サバナクロー,－,10
829,アズール プラチナジャケットの写真①,R,装飾：写真,,,2,6,5,4,2,エレガント,スタイリッシュ,オクタヴィネル,－,10
830,アズール プラチナジャケットの写真②,SR,装飾：写真,,,2,6,6,4,2,エレガント,スタイリッシュ,オクタヴィネル,－,10
831,ジェイド プラチナジャケットの写真①,R,装飾：写真,,,2,6,5,4,2,スタイリッシュ,ベーシック,オクタヴィネル,－,10
832,ジェイド プラチナジャケットの写真②,SR,装飾：写真,,,2,6,6,4,2,スタイリッシュ,ベーシック,オクタヴィネル,－,10
833,フロイド プラチナジャケットの写真①,R,装飾：写真,,,2,6,5,4,2,ユニーク,ポップ,オクタヴィネル,－,10
834,フロイド プラチナジャケットの写真②,SR,装飾：写真,,,2,6,6,4,2,ユニーク,ポップ,オクタヴィネル,－,10
835,カリム プラチナジャケットの写真①,R,装飾：写真,,,2,6,5,4,2,ポップ,ユニーク,スカラビア,－,10
836,カリム プラチナジャケットの写真②,SR,装飾：写真,,,2,6,6,4,2,ポップ,ユニーク,スカラビア,－,10
837,ジャミル プラチナジャケットの写真①,R,装飾：写真,,,2,6,5,4,2,スタイリッシュ,エレガント,スカラビア,－,10
838,ジャミル プラチナジャケットの写真②,SR,装飾：写真,,,2,6,6,4,2,スタイリッシュ,エレガント,スカラビア,－,10
839,ヴィル プラチナジャケットの写真①,R,装飾：写真,,,2,6,5,4,2,エレガント,スタイリッシュ,ポムフィオーレ,－,10
840,ヴィル プラチナジャケットの写真②,SR,装飾：写真,,,2,6,6,4,2,エレガント,スタイリッシュ,ポムフィオーレ,－,10
841,エペル プラチナジャケットの写真①,R,装飾：写真,,,2,6,5,4,2,ベーシック,ポップ,ポムフィオーレ,－,10
842,エペル プラチナジャケットの写真②,SR,装飾：写真,,,2,6,6,4,2,ベーシック,ポップ,ポムフィオーレ,－,10
843,ルーク プラチナジャケットの写真①,R,装飾：写真,,,2,6,5,4,2,ユニーク,エレガント,ポムフィオーレ,－,10
844,ルーク プラチナジャケットの写真②,SR,装飾：写真,,,2,6,6,4,2,ユニーク,エレガント,ポムフィオーレ,－,10
845,イデア プラチナジャケットの写真①,R,装飾：写真,,,2,6,5,4,2,ユニーク,エレガント,イグニハイド,－,10
846,イデア プラチナジャケットの写真②,SR,装飾：写真,,,2,6,6,4,2,ユニーク,エレガント,イグニハイド,－,10
847,オルト プラチナジャケットの写真①,R,装飾：写真,,,2,6,5,4,2,ユニーク,ポップ,イグニハイド,－,10
848,オルト プラチナジャケットの写真②,SR,装飾：写真,,,2,6,6,4,2,ユニーク,ポップ,イグニハイド,－,10
849,マレウス プラチナジャケットの写真①,R,装飾：写真,,,2,6,5,4,2,スタイリッシュ,ベーシック,ディアソムニア,－,10
850,マレウス プラチナジャケットの写真②,SR,装飾：写真,,,2,6,6,4,2,スタイリッシュ,ベーシック,ディアソムニア,－,10
851,シルバー プラチナジャケットの写真①,R,装飾：写真,,,2,6,5,4,2,ベーシック,エレガント,ディアソムニア,－,10
852,シルバー プラチナジャケットの写真②,SR,装飾：写真,,,2,6,6,4,2,ベーシック,エレガント,ディアソムニア,－,10
853,セベク プラチナジャケットの写真①,R,装飾：写真,,,2,6,5,4,2,スタイリッシュ,ユニーク,ディアソムニア,－,10
854,セベク プラチナジャケットの写真②,SR,装飾：写真,,,2,6,6,4,2,スタイリッシュ,ユニーク,ディアソムニア,－,10
855,リリア プラチナジャケットの写真①,R,装飾：写真,,,2,6,5,4,2,ポップ,ユニーク,ディアソムニア,－,10
856,リリア プラチナジャケットの写真②,SR,装飾：写真,,,2,6,6,4,2,ポップ,ユニーク,ディアソムニア,－,10
857,グリム プラチナジャケットの写真①,R,装飾：写真,,,2,6,5,4,2,ポップ,ベーシック,ナイトレイブンカレッジ,－,10
858,グリム プラチナジャケットの写真②,SR,装飾：写真,,,2,6,6,4,2,ポップ,ベーシック,ナイトレイブンカレッジ,－,10
859,リドルが選んだ絵,SSR,装飾：壁装飾,,,2,8,7,6,2,スタイリッシュ,ユニーク,ハーツラビュル,－,10
860,エースが選んだ絵,SSR,装飾：壁装飾,,,2,8,7,6,2,ユニーク,スタイリッシュ,ハーツラビュル,－,10
861,デュースが選んだ絵,SSR,装飾：壁装飾,,,2,8,7,6,2,ベーシック,エレガント,ハーツラビュル,－,10
862,ケイトが選んだ絵,SSR,装飾：壁装飾,,,2,8,7,6,2,ポップ,ベーシック,ハーツラビュル,－,10
863,トレイが選んだ絵,SSR,装飾：壁装飾,,,2,8,7,6,2,エレガント,ポップ,ハーツラビュル,－,10
864,レオナが選んだ絵,SSR,装飾：壁装飾,,,2,8,7,6,2,エレガント,ユニーク,サバナクロー,－,10
865,ジャックが選んだ絵,SSR,装飾：壁装飾,,,2,8,7,6,2,ベーシック,スタイリッシュ,サバナクロー,－,10
866,ラギーが選んだ絵,SSR,装飾：壁装飾,,,2,8,7,6,2,ポップ,ベーシック,サバナクロー,－,10
867,アズールが選んだ絵,SSR,装飾：壁装飾,,,2,8,7,6,2,エレガント,スタイリッシュ,オクタヴィネル,－,10
868,ジェイドが選んだ絵,SSR,装飾：壁装飾,,,2,8,7,6,2,スタイリッシュ,ベーシック,オクタヴィネル,－,10
869,フロイドが選んだ絵,SSR,装飾：壁装飾,,,2,8,7,6,2,ユニーク,ポップ,オクタヴィネル,－,10
870,カリムが選んだ絵,SSR,装飾：壁装飾,,,2,8,7,6,2,ポップ,ユニーク,スカラビア,－,10
871,ジャミルが選んだ絵,SSR,装飾：壁装飾,,,2,8,7,6,2,スタイリッシュ,エレガント,スカラビア,－,10
872,ヴィルが選んだ絵,SSR,装飾：壁装飾,,,2,8,7,6,2,エレガント,スタイリッシュ,ポムフィオーレ,－,10
873,エペルが選んだ絵,SSR,装飾：壁装飾,,,2,8,7,6,2,ベーシック,ポップ,ポムフィオーレ,－,10
874,ルークが選んだ絵,SSR,装飾：壁装飾,,,2,8,7,6,2,ユニーク,エレガント,ポムフィオーレ,－,10
875,イデアが選んだ絵,SSR,装飾：壁装飾,,,2,8,7,6,2,ユニーク,エレガント,イグニハイド,－,10
876,オルトが選んだ絵,SSR,装飾：壁装飾,,,2,8,7,6,2,ユニーク,ポップ,イグニハイド,－,10
877,マレウスが選んだ絵,SSR,装飾：壁装飾,,,2,8,7,6,2,スタイリッシュ,ベーシック,ディアソムニア,－,10
878,シルバーが選んだ絵,SSR,装飾：壁装飾,,,2,8,7,6,2,ベーシック,エレガント,ディアソムニア,－,10
879,セベクが選んだ絵,SSR,装飾：壁装飾,,,2,8,7,6,2,スタイリッシュ,ユニーク,ディアソムニア,－,10
880,リリアが選んだ絵,SSR,装飾：壁装飾,,,2,8,7,6,2,ポップ,ユニーク,ディアソムニア,－,10
881,グリムが選んだ絵,SSR,装飾：壁装飾,,,2,8,7,6,2,ポップ,ベーシック,ナイトレイブンカレッジ,－,10
882,おめかしバースデー（リドル）,SR,雑貨：衣装,1,,,6,5,4,2,ベーシック,ポップ,ハーツラビュル,－,30
883,ユニオンバースデー（リドル）,SR,雑貨：衣装,1,,,6,5,4,2,スタイリッシュ,ユニーク,ハーツラビュル,－,30
884,ブルームバースデー（リドル）,SR,雑貨：衣装,1,,,6,5,4,2,エレガント,スタイリッシュ,ハーツラビュル,－,30
885,プラチナジャケット（リドル）,SR,雑貨：衣装,1,,,6,5,4,2,ユニーク,エレガント,ハーツラビュル,－,30
886,おめかしバースデー（エース）,SR,雑貨：衣装,1,,,6,5,4,2,ベーシック,ポップ,ハーツラビュル,－,30
887,ユニオンバースデー（エース）,SR,雑貨：衣装,1,,,6,5,4,2,スタイリッシュ,ユニーク,ハーツラビュル,－,30
888,ブルームバースデー（エース）,SR,雑貨：衣装,1,,,6,5,4,2,エレガント,スタイリッシュ,ハーツラビュル,－,30
889,プラチナジャケット（エース）,SR,雑貨：衣装,1,,,6,5,4,2,ユニーク,エレガント,ハーツラビュル,－,30
890,おめかしバースデー（デュース）,SR,雑貨：衣装,1,,,6,5,4,2,ベーシック,ポップ,ハーツラビュル,－,30
891,ユニオンバースデー（デュース）,SR,雑貨：衣装,1,,,6,5,4,2,スタイリッシュ,ユニーク,ハーツラビュル,－,30
892,ブルームバースデー（デュース）,SR,雑貨：衣装,1,,,6,5,4,2,エレガント,スタイリッシュ,ハーツラビュル,－,30
893,プラチナジャケット（デュース）,SR,雑貨：衣装,1,,,6,5,4,2,ユニーク,エレガント,ハーツラビュル,－,30
894,おめかしバースデー（ケイト）,SR,雑貨：衣装,1,,,6,5,4,2,ベーシック,ポップ,ハーツラビュル,－,30
895,ユニオンバースデー（ケイト）,SR,雑貨：衣装,1,,,6,5,4,2,スタイリッシュ,ユニーク,ハーツラビュル,－,30
896,ブルームバースデー（ケイト）,SR,雑貨：衣装,1,,,6,5,4,2,エレガント,スタイリッシュ,ハーツラビュル,－,30
897,プラチナジャケット（ケイト）,SR,雑貨：衣装,1,,,6,5,4,2,ユニーク,エレガント,ハーツラビュル,－,30
898,おめかしバースデー（トレイ）,SR,雑貨：衣装,1,,,6,5,4,2,ベーシック,ポップ,ハーツラビュル,－,30
899,ユニオンバースデー（トレイ）,SR,雑貨：衣装,1,,,6,5,4,2,スタイリッシュ,ユニーク,ハーツラビュル,－,30
900,ブルームバースデー（トレイ）,SR,雑貨：衣装,1,,,6,5,4,2,エレガント,スタイリッシュ,ハーツラビュル,－,30
901,プラチナジャケット（トレイ）,SR,雑貨：衣装,1,,,6,5,4,2,ユニーク,エレガント,ハーツラビュル,－,30
902,おめかしバースデー（レオナ）,SR,雑貨：衣装,1,,,6,5,4,2,ベーシック,ポップ,サバナクロー,－,30
903,ユニオンバースデー（レオナ）,SR,雑貨：衣装,1,,,6,5,4,2,スタイリッシュ,ユニーク,サバナクロー,－,30
904,ブルームバースデー（レオナ）,SR,雑貨：衣装,1,,,6,5,4,2,エレガント,スタイリッシュ,サバナクロー,－,30
905,プラチナジャケット（レオナ）,SR,雑貨：衣装,1,,,6,5,4,2,ユニーク,エレガント,サバナクロー,－,30
906,おめかしバースデー（ジャック）,SR,雑貨：衣装,1,,,6,5,4,2,ベーシック,ポップ,サバナクロー,－,30
907,ユニオンバースデー（ジャック）,SR,雑貨：衣装,1,,,6,5,4,2,スタイリッシュ,ユニーク,サバナクロー,－,30
908,ブルームバースデー（ジャック）,SR,雑貨：衣装,1,,,6,5,4,2,エレガント,スタイリッシュ,サバナクロー,－,30
909,プラチナジャケット（ジャック）,SR,雑貨：衣装,1,,,6,5,4,2,ユニーク,エレガント,サバナクロー,－,30
910,おめかしバースデー（ラギー）,SR,雑貨：衣装,1,,,6,5,4,2,ベーシック,ポップ,サバナクロー,－,30
911,ユニオンバースデー（ラギー）,SR,雑貨：衣装,1,,,6,5,4,2,スタイリッシュ,ユニーク,サバナクロー,－,30
912,ブルームバースデー（ラギー）,SR,雑貨：衣装,1,,,6,5,4,2,エレガント,スタイリッシュ,サバナクロー,－,30
913,プラチナジャケット（ラギー）,SR,雑貨：衣装,1,,,6,5,4,2,ユニーク,エレガント,サバナクロー,－,30
914,おめかしバースデー（アズール）,SR,雑貨：衣装,1,,,6,5,4,2,ベーシック,ポップ,オクタヴィネル,－,30
915,ユニオンバースデー（アズール）,SR,雑貨：衣装,1,,,6,5,4,2,スタイリッシュ,ユニーク,オクタヴィネル,－,30
916,ブルームバースデー（アズール）,SR,雑貨：衣装,1,,,6,5,4,2,エレガント,スタイリッシュ,オクタヴィネル,－,30
917,プラチナジャケット（アズール）,SR,雑貨：衣装,1,,,6,5,4,2,ユニーク,エレガント,オクタヴィネル,－,30
918,おめかしバースデー（ジェイド）,SR,雑貨：衣装,1,,,6,5,4,2,ベーシック,ポップ,オクタヴィネル,－,30
919,ユニオンバースデー（ジェイド）,SR,雑貨：衣装,1,,,6,5,4,2,スタイリッシュ,ユニーク,オクタヴィネル,－,30
920,ブルームバースデー（ジェイド）,SR,雑貨：衣装,1,,,6,5,4,2,エレガント,スタイリッシュ,オクタヴィネル,－,30
921,プラチナジャケット（ジェイド）,SR,雑貨：衣装,1,,,6,5,4,2,ユニーク,エレガント,オクタヴィネル,－,30
922,おめかしバースデー（フロイド）,SR,雑貨：衣装,1,,,6,5,4,2,ベーシック,ポップ,オクタヴィネル,－,30
923,ユニオンバースデー（フロイド）,SR,雑貨：衣装,1,,,6,5,4,2,スタイリッシュ,ユニーク,オクタヴィネル,－,30
924,ブルームバースデー（フロイド）,SR,雑貨：衣装,1,,,6,5,4,2,エレガント,スタイリッシュ,オクタヴィネル,－,30
925,プラチナジャケット（フロイド）,SR,雑貨：衣装,1,,,6,5,4,2,ユニーク,エレガント,オクタヴィネル,－,30
926,おめかしバースデー（カリム）,SR,雑貨：衣装,1,,,6,5,4,2,ベーシック,ポップ,スカラビア,－,30
927,ユニオンバースデー（カリム）,SR,雑貨：衣装,1,,,6,5,4,2,スタイリッシュ,ユニーク,スカラビア,－,30
928,ブルームバースデー（カリム）,SR,雑貨：衣装,1,,,6,5,4,2,エレガント,スタイリッシュ,スカラビア,－,30
929,プラチナジャケット（カリム）,SR,雑貨：衣装,1,,,6,5,4,2,ユニーク,エレガント,スカラビア,－,30
930,おめかしバースデー（ジャミル）,SR,雑貨：衣装,1,,,6,5,4,2,ベーシック,ポップ,スカラビア,－,30
931,ユニオンバースデー（ジャミル）,SR,雑貨：衣装,1,,,6,5,4,2,スタイリッシュ,ユニーク,スカラビア,－,30
932,ブルームバースデー（ジャミル）,SR,雑貨：衣装,1,,,6,5,4,2,エレガント,スタイリッシュ,スカラビア,－,30
933,プラチナジャケット（ジャミル）,SR,雑貨：衣装,1,,,6,5,4,2,ユニーク,エレガント,スカラビア,－,30
934,おめかしバースデー（ヴィル）,SR,雑貨：衣装,1,,,6,5,4,2,ベーシック,ポップ,ポムフィオーレ,－,30
935,ユニオンバースデー（ヴィル）,SR,雑貨：衣装,1,,,6,5,4,2,スタイリッシュ,ユニーク,ポムフィオーレ,－,30
936,ブルームバースデー（ヴィル）,SR,雑貨：衣装,1,,,6,5,4,2,エレガント,スタイリッシュ,ポムフィオーレ,－,30
937,プラチナジャケット（ヴィル）,SR,雑貨：衣装,1,,,6,5,4,2,ユニーク,エレガント,ポムフィオーレ,－,30
938,おめかしバースデー（エペル）,SR,雑貨：衣装,1,,,6,5,4,2,ベーシック,ポップ,ポムフィオーレ,－,30
939,ユニオンバースデー（エペル）,SR,雑貨：衣装,1,,,6,5,4,2,スタイリッシュ,ユニーク,ポムフィオーレ,－,30
940,ブルームバースデー（エペル）,SR,雑貨：衣装,1,,,6,5,4,2,エレガント,スタイリッシュ,ポムフィオーレ,－,30
941,プラチナジャケット（エペル）,SR,雑貨：衣装,1,,,6,5,4,2,ユニーク,エレガント,ポムフィオーレ,－,30
942,おめかしバースデー（ルーク）,SR,雑貨：衣装,1,,,6,5,4,2,ベーシック,ポップ,ポムフィオーレ,－,30
943,ユニオンバースデー（ルーク）,SR,雑貨：衣装,1,,,6,5,4,2,スタイリッシュ,ユニーク,ポムフィオーレ,－,30
944,ブルームバースデー（ルーク）,SR,雑貨：衣装,1,,,6,5,4,2,エレガント,スタイリッシュ,ポムフィオーレ,－,30
945,プラチナジャケット（ルーク）,SR,雑貨：衣装,1,,,6,5,4,2,ユニーク,エレガント,ポムフィオーレ,－,30
946,おめかしバースデー（イデア）,SR,雑貨：衣装,1,,,6,5,4,2,ベーシック,ポップ,イグニハイド,－,30
947,ユニオンバースデー（イデア）,SR,雑貨：衣装,1,,,6,5,4,2,スタイリッシュ,ユニーク,イグニハイド,－,30
948,ブルームバースデー（イデア）,SR,雑貨：衣装,1,,,6,5,4,2,エレガント,スタイリッシュ,イグニハイド,－,30
949,プラチナジャケット（イデア）,SR,雑貨：衣装,1,,,6,5,4,2,ユニーク,エレガント,イグニハイド,－,30
950,おめかしバースデー（オルト）,SR,雑貨：衣装,1,,,6,5,4,2,ベーシック,ポップ,イグニハイド,－,30
951,ユニオンバースデー（オルト）,SR,雑貨：衣装,1,,,6,5,4,2,スタイリッシュ,ユニーク,イグニハイド,－,30
952,ブルームバースデー（オルト）,SR,雑貨：衣装,1,,,6,5,4,2,エレガント,スタイリッシュ,イグニハイド,－,30
953,プラチナジャケット（オルト）,SR,雑貨：衣装,1,,,6,5,4,2,ユニーク,エレガント,イグニハイド,－,30
954,おめかしバースデー（マレウス）,SR,雑貨：衣装,1,,,6,5,4,2,ベーシック,ポップ,ディアソムニア,－,30
955,ユニオンバースデー（マレウス）,SR,雑貨：衣装,1,,,6,5,4,2,スタイリッシュ,ユニーク,ディアソムニア,－,30
956,ブルームバースデー（マレウス）,SR,雑貨：衣装,1,,,6,5,4,2,エレガント,スタイリッシュ,ディアソムニア,－,30
957,プラチナジャケット（マレウス）,SR,雑貨：衣装,1,,,6,5,4,2,ユニーク,エレガント,ディアソムニア,－,30
958,おめかしバースデー（シルバー）,SR,雑貨：衣装,1,,,6,5,4,2,ベーシック,ポップ,ディアソムニア,－,30
959,ユニオンバースデー（シルバー）,SR,雑貨：衣装,1,,,6,5,4,2,スタイリッシュ,ユニーク,ディアソムニア,－,30
960,ブルームバースデー（シルバー）,SR,雑貨：衣装,1,,,6,5,4,2,エレガント,スタイリッシュ,ディアソムニア,－,30
961,プラチナジャケット（シルバー）,SR,雑貨：衣装,1,,,6,5,4,2,ユニーク,エレガント,ディアソムニア,－,30
962,おめかしバースデー（セベク）,SR,雑貨：衣装,1,,,6,5,4,2,ベーシック,ポップ,ディアソムニア,－,30
963,ユニオンバースデー（セベク）,SR,雑貨：衣装,1,,,6,5,4,2,スタイリッシュ,ユニーク,ディアソムニア,－,30
964,ブルームバースデー（セベク）,SR,雑貨：衣装,1,,,6,5,4,2,エレガント,スタイリッシュ,ディアソムニア,－,30
965,プラチナジャケット（セベク）,SR,雑貨：衣装,1,,,6,5,4,2,ユニーク,エレガント,ディアソムニア,－,30
966,おめかしバースデー（リリア）,SR,雑貨：衣装,1,,,6,5,4,2,ベーシック,ポップ,ディアソムニア,－,30
967,ユニオンバースデー（リリア）,SR,雑貨：衣装,1,,,6,5,4,2,スタイリッシュ,ユニーク,ディアソムニア,－,30
968,ブルームバースデー（リリア）,SR,雑貨：衣装,1,,,6,5,4,2,エレガント,スタイリッシュ,ディアソムニア,－,30
969,プラチナジャケット（リリア）,SR,雑貨：衣装,1,,,6,5,4,2,ユニーク,エレガント,ディアソムニア,－,30
970,厨房のバスケット②,R,雑貨：小型雑貨,1,,,6,,6,,ベーシック,－,なし,マスターシェフシリーズ,40
971,厨房の壁掛け食器セット,SR,装飾：壁装飾,,,2,10,,7,3,ベーシック,ポップ,なし,マスターシェフシリーズ,10
972,厨房の調理台,SR,家具：その他,2,,,10,,7,3,ベーシック,ポップ,なし,マスターシェフシリーズ,30
973,ロロ 会長服の写真①,R,装飾：写真,,,2,8,,6,2,エレガント,スタイリッシュ,なし,－,10
974,ロロ 会長服の写真②,SR,装飾：写真,,,2,10,,7,3,エレガント,スタイリッシュ,なし,－,10
975,プラチナカラーのグリム像,SR,雑貨：小型雑貨,1,,,6,5,4,2,ユニーク,エレガント,ナイトレイブンカレッジ,－,30
976,プラチナのフレーム,SR,内観・外観：前景,,,,6,5,4,2,ユニーク,エレガント,ナイトレイブンカレッジ,－,2
977,不思議な鏡,SSR,装飾：壁装飾,,,1,8,7,8,,ベーシック,－,ナイトレイブンカレッジ,－,10
978,黎明の国 国立美術館の床,SR,内観・外観：床,,,,20,,14,6,ユニーク,エレガント,なし,黎明の国 国立美術館シリーズ,1
979,黎明の国 国立美術館の壁,SR,内観・外観：壁紙,,,,20,,14,6,ユニーク,エレガント,なし,黎明の国 国立美術館シリーズ,1
980,黎明の国 国立美術館の前景（下）①,R,内観・外観：前景,,,,12,,8,4,ユニーク,エレガント,なし,黎明の国 国立美術館シリーズ,2
981,黎明の国 国立美術館の前景（下）②,R,内観・外観：前景,,,,12,,8,4,ユニーク,エレガント,なし,黎明の国 国立美術館シリーズ,2
982,三角帽子のランプ,SSR,雑貨：小型雑貨,1,,,10,,7,3,ユニーク,エレガント,なし,黎明の国 国立美術館シリーズ,20
983,エース プレイフル・ドレスの写真①,R,装飾：写真,,,2,6,5,4,2,ユニーク,スタイリッシュ,ハーツラビュル,－,10
984,エース プレイフル・ドレスの写真②,SR,装飾：写真,,,2,6,6,4,2,ユニーク,スタイリッシュ,ハーツラビュル,－,10
985,カリム プレイフル・ドレスの写真①,R,装飾：写真,,,2,6,5,4,2,ポップ,ユニーク,スカラビア,－,10
986,カリム プレイフル・ドレスの写真②,SR,装飾：写真,,,2,6,6,4,2,ポップ,ユニーク,スカラビア,－,10
987,オルト プレイフル・ギアの写真①,R,装飾：写真,,,2,6,5,4,2,ユニーク,ポップ,イグニハイド,－,10
988,オルト プレイフル・ギアの写真②,SR,装飾：写真,,,2,6,6,4,2,ユニーク,ポップ,イグニハイド,－,10
989,プレイフル・ドレス（エース）,SR,雑貨：衣装,,,,8,,8,,ユニーク,－,なし,－,30
990,プレイフル・ドレス（ケイト）,SR,雑貨：衣装,,,,8,,8,,ユニーク,－,なし,－,30
991,プレイフル・ドレス（レオナ）,SR,雑貨：衣装,,,,8,,8,,ユニーク,－,なし,－,30
992,プレイフル・ドレス（ヴィル）,SR,雑貨：衣装,,,,8,,8,,ユニーク,－,なし,－,30
993,プレイフル・ドレス（カリム）,SR,雑貨：衣装,,,,8,,8,,ユニーク,－,なし,－,30
994,プレイフル・ドレス（オルト）,SR,雑貨：衣装,,,,8,,8,,ユニーク,－,なし,－,30
995,プレイフル・ドレス（ジェイド）,SR,雑貨：衣装,,,,8,,8,,ユニーク,－,なし,－,30
996,プレイフル・ドレス（ジャック）,SR,雑貨：衣装,,,,8,,8,,ユニーク,－,なし,－,30
997,プレイフル・ドレス（リリア）,SR,雑貨：衣装,,,,8,,8,,ユニーク,－,なし,－,30
998,プレイフル・ドレス（トレイ）,SR,雑貨：衣装,,,,8,,8,,ユニーク,－,なし,－,30
999,プレイフル・ドレス（フロイド）,SR,雑貨：衣装,,,,8,,8,,ユニーク,－,なし,－,30
1000,プレイフルランドのフレーム,SR,内観・外観：前景,,,,8,,8,,ユニーク,－,なし,－,2
1001,親切なキツネのミニチュア像,SSR,雑貨：大型雑貨,2,,,12,,8,4,ユニーク,ポップ,なし,プレイフルランドシリーズ,1
1002,ポップコーンワゴン,SR,雑貨：大型雑貨,4,,,14,,10,4,ユニーク,ポップ,なし,プレイフルランドシリーズ,30
1003,遊園地のベンチ,SR,家具：椅子,2,,,10,,7,3,ユニーク,ポップ,なし,プレイフルランドシリーズ,30
1004,ハンマーゲーム,SR,雑貨：大型雑貨,4,,,14,,10,4,ユニーク,ポップ,なし,プレイフルランドシリーズ,30
1005,温厚なネコのミニチュア像,SSR,雑貨：小型雑貨,1,,,10,,7,3,ユニーク,ポップ,なし,プレイフルランドシリーズ,1
1006,プレイフルランドのフェンス（下）①,SR,内観・外観：前景,,,,14,,10,4,ユニーク,ポップ,なし,プレイフルランドシリーズ,2
1007,プレイフルランドのフェンス（下）②,SR,内観・外観：前景,,,,14,,10,4,ユニーク,ポップ,なし,プレイフルランドシリーズ,2
1008,遊園地のトラッシュカン,R,雑貨：大型雑貨,2,,,8,,6,2,ユニーク,ポップ,なし,プレイフルランドシリーズ,40
1009,ポールパーティション,R,装飾：パーティション,1,,,6,,4,2,ユニーク,ポップ,なし,プレイフルランドシリーズ,40
1010,メリーゴーラウンド,SR,雑貨：大型雑貨,9,,,18,,12,6,ユニーク,ポップ,なし,プレイフルランドシリーズ,20
1011,プレイフルランドの床,SR,内観・外観：床,,,,20,,14,6,ユニーク,ポップ,なし,プレイフルランドシリーズ,1
1012,プレイフルランドの壁,SR,内観・外観：壁紙,,,,20,,14,6,ユニーク,ポップ,なし,プレイフルランドシリーズ,1
1013,プレイフル・ドレス（フェロー）,SR,雑貨：衣装,1,,,8,,8,,ユニーク,－,なし,プレイフルランドシリーズ,30
1014,学園長室風の壁,SSR,内観・外観：壁紙,,,,22,,15,7,スタイリッシュ,ベーシック,なし,統一試験シリーズ,2
1015,学園長室風の床,SR,内観・外観：床,,,,20,,14,6,スタイリッシュ,ベーシック,なし,統一試験シリーズ,2
1016,学園長室風のシャンデリア（上）,SR,内観・外観：前景,,,,14,,10,4,スタイリッシュ,ベーシック,なし,統一試験シリーズ,4
1017,学園長室風のカーテン（上）,SR,内観・外観：前景,,,,14,,10,4,スタイリッシュ,ベーシック,なし,統一試験シリーズ,4
1018,クロウリーの机,SR,家具：机,3,,,8,,6,2,スタイリッシュ,ベーシック,なし,統一試験シリーズ,30
1019,クロウリーの椅子,R,家具：椅子,1,,,6,,4,2,スタイリッシュ,ベーシック,なし,統一試験シリーズ,40
1020,クロウリーのラグ,SR,装飾：ラグ,,9,,8,,6,2,スタイリッシュ,ベーシック,なし,統一試験シリーズ,10
1021,クロウリーのポールハンガー,SR,雑貨：小型雑貨,1,,,6,,4,2,スタイリッシュ,ベーシック,なし,統一試験シリーズ,30
1022,セベク 常夜の甲冑の写真①,R,装飾：写真,,,2,6,5,,,スタイリッシュ,ユニーク,ディアソムニア,－,10
1023,セベク 常夜の甲冑の写真②,SR,装飾：写真,,,2,6,6,,,スタイリッシュ,ユニーク,ディアソムニア,－,10
1024,常夜の甲冑（セベク）,SR,雑貨：衣装,1,,,6,5,4,2,ユニーク,スタイリッシュ,ディアソムニア,－,30
1025,茨の国のフレーム（セベク）,SR,内観・外観：前景,,,,6,5,4,2,ユニーク,スタイリッシュ,ディアソムニア,－,2
1026,茨の国王宮近衛兵の魔石器,SSR,雑貨：大型雑貨,4,,,10,10,7,3,ユニーク,スタイリッシュ,ディアソムニア,－,20
1027,ホリデーガーデンの壁,SR,内観・外観：壁紙,,,,12,12,12,,ベーシック,－,ナイトレイブンカレッジ,ウィンターホリデー2023シリーズ,1
1028,ホリデーガーデンの床,SR,内観・外観：床,,,,12,12,12,,ベーシック,－,ナイトレイブンカレッジ,ウィンターホリデー2023シリーズ,1
1029,ホリデーガーデンの柵（下）①,SR,内観・外観：前景,,,,8,8,8,,ベーシック,－,ナイトレイブンカレッジ,ウィンターホリデー2023シリーズ,2
1030,ホリデーガーデンの柵（下）②,SR,内観・外観：前景,,,,8,8,8,,ベーシック,－,ナイトレイブンカレッジ,ウィンターホリデー2023シリーズ,2
1031,ホリデーデコレーションツリー,SSR,雑貨：大型雑貨,4,,,10,10,10,,ベーシック,－,ナイトレイブンカレッジ,ウィンターホリデー2023シリーズ,20
1032,かまくら,SR,雑貨：大型雑貨,4,,,8,8,8,,ベーシック,,ナイトレイブンカレッジ,ウィンターホリデー2023シリーズ,30
1033,グリムの雪だるま,SR,雑貨：小型雑貨,1,,,6,5,6,,ベーシック,－,ナイトレイブンカレッジ,ウィンターホリデー2023シリーズ,30
1034,ホリデーガーデンベンチ,SR,家具：椅子,2,,,6,6,6,,ベーシック,－,ナイトレイブンカレッジ,ウィンターホリデー2023シリーズ,30
1035,小さなホリデーガーデンツリー,SR,雑貨：小型雑貨,1,,,6,5,6,,ベーシック,－,ナイトレイブンカレッジ,ウィンターホリデー2023シリーズ,30
1036,ホリデーガーデンの外灯,R,雑貨：小型雑貨,1,,,4,4,4,,ベーシック,－,ナイトレイブンカレッジ,ウィンターホリデー2023シリーズ,40
1037,ジャミル アップル・ボアの写真①,R,装飾：写真,,,2,6,5,4,2,スタイリッシュ,エレガント,スカラビア,－,10
1038,ジャミル アップル・ボアの写真②,SR,装飾：写真,,,2,6,6,4,2,スタイリッシュ,エレガント,スカラビア,－,10
1039,アップル・ボア（ジャミル）,SR,雑貨：衣装,1,,,6,5,4,2,ポップ,ベーシック,スカラビア,－,30
1040,ジャミルのフレーム（豊作村）,SR,内観・外観：前景,,,,6,5,4,2,ポップ,ベーシック,スカラビア,－,2
1041,豊作村のソリ（ジャミル）,SSR,雑貨：大型雑貨,6,,,11,10,8,3,ポップ,ベーシック,スカラビア,－,20
1042,アップル・ランタン,SSR,雑貨：小型雑貨,1,,,10,,7,3,ポップ,ベーシック,なし,豊作村シリーズ,1
1043,豊作村のテーブル,R,家具：机,1,,,6,,4,2,ポップ,ベーシック,なし,豊作村シリーズ,40
1044,アップル・ボア（エペル）,SR,雑貨：衣装,1,,,8,,6,2,ポップ,ベーシック,なし,豊作村シリーズ,30
1045,コッコマーケットの屋台①,SR,雑貨：大型雑貨,4,,,14,,10,4,ポップ,ベーシック,なし,豊作村シリーズ,30
1046,コッコマーケットの屋台②,SR,雑貨：大型雑貨,4,,,14,,10,4,ポップ,ベーシック,なし,豊作村シリーズ,30
1047,豊作村の床,SR,内観・外観：床,,,,20,,14,6,ポップ,ベーシック,なし,豊作村シリーズ,1
1048,豊作村の壁,SR,内観・外観：壁紙,,,,20,,14,6,ポップ,ベーシック,なし,豊作村シリーズ,1
1049,雪だるまとアップル・ツリー,SR,雑貨：大型雑貨,4,,,14,,10,4,ポップ,ベーシック,なし,豊作村シリーズ,30
1050,アップル・オーナメント（上）①,SR,内観・外観：前景,,,,14,,10,4,ポップ,ベーシック,なし,豊作村シリーズ,2
1051,アップル・オーナメント（上）②,SR,内観・外観：前景,,,,14,,10,4,ポップ,ベーシック,なし,豊作村シリーズ,2
1052,豊作村の焚火,SSR,雑貨：大型雑貨,9,,,20,,14,6,ポップ,ベーシック,なし,豊作村シリーズ,20
1053,東方の行燈,R,雑貨：小型雑貨,1,,,6,,4,2,スタイリッシュ,ベーシック,なし,Sam’sNewYearSale2024シリーズ,40
1054,東方の座椅子,SR,雑貨：小型雑貨,1,,,8,,6,2,スタイリッシュ,ベーシック,なし,Sam’sNewYearSale2024シリーズ,30
1055,東方の衝立,SR,装飾：パーティション,2,,,10,,7,3,スタイリッシュ,ベーシック,なし,Sam’sNewYearSale2024シリーズ,30
1056,東方の火鉢,SR,雑貨：小型雑貨,1,,,8,,6,2,スタイリッシュ,ベーシック,なし,Sam’sNewYearSale2024シリーズ,30
1057,東方の机,SR,家具：机,2,,,10,,7,3,スタイリッシュ,ベーシック,なし,Sam’sNewYearSale2024シリーズ,30
1058,KOMA回し台,SSR,雑貨：大型雑貨,4,,,16,,11,5,スタイリッシュ,ベーシック,なし,Sam’sNewYearSale2024シリーズ,20
1059,庭を臨む和室の床,SR,内観・外観：床,,,,20,,14,6,スタイリッシュ,ベーシック,なし,Sam’sNewYearSale2024シリーズ,1
1060,庭を臨む和室の壁,SR,内観・外観：壁紙,,,,20,,14,6,スタイリッシュ,ベーシック,なし,Sam’sNewYearSale2024シリーズ,1
1061,新春の衣（トレイ）,SR,雑貨：衣装,1,,,6,5,6,,ユニーク,－,ハーツラビュル,－,30
1062,新春の衣（ルーク）,SR,雑貨：衣装,1,,,6,5,6,,ユニーク,－,ポムフィオーレ,－,30
1063,新春の衣（ジェイド）,SR,雑貨：衣装,1,,,6,5,6,,ユニーク,－,オクタヴィネル,－,30
1064,ジェイドのフレーム（ニューイヤー）,SR,内観・外観：前景,,,,6,5,4,2,ユニーク,ベーシック,オクタヴィネル,－,2
1065,ニューイヤー・ギア（オルト）,SR,雑貨：衣装,1,,,6,5,6,,ユニーク,－,イグニハイド,－,30
1066,オルトのフレーム（ニューイヤー）,SR,内観・外観：前景,,,,6,5,4,2,ユニーク,ベーシック,イグニハイド,－,2
1067,トレイ 新春の衣の写真①,R,装飾：写真,,,2,6,5,4,2,エレガント,ポップ,ハーツラビュル,－,10
1068,トレイ 新春の衣の写真②,SR,装飾：写真,,,2,6,6,4,2,エレガント,ポップ,ハーツラビュル,－,10
1069,ルーク 新春の衣の写真①,R,装飾：写真,,,2,6,5,4,2,ユニーク,エレガント,ポムフィオーレ,－,10
1070,ルーク 新春の衣の写真②,SR,装飾：写真,,,2,6,6,4,2,ユニーク,エレガント,ポムフィオーレ,－,10
1071,厨房の窓,R,装飾：壁装飾,,,1,6,,,,ベーシック,－,なし,マスターシェフシリーズ,10
1072,厨房の大窯,SR,雑貨：大型雑貨,4,,,14,,,,ベーシック,ポップ,なし,マスターシェフシリーズ,30
1073,マジカルシフト競技場の床,SR,内観・外観：床,,,,20,,14,6,ベーシック,スタイリッシュ,なし,マジカルシフト部シリーズ,2
1074,マジカルシフト競技場の壁,SR,内観・外観：壁紙,,,,20,,14,6,ベーシック,スタイリッシュ,なし,マジカルシフト部シリーズ,2
1075,マジカルシフト競技場の前景（下）①,R,内観・外観：前景,,,,12,,8,4,ベーシック,スタイリッシュ,なし,マジカルシフト部シリーズ,4
1076,マジカルシフト競技場の前景（下）②,R,内観・外観：前景,,,,12,,8,4,ベーシック,スタイリッシュ,なし,マジカルシフト部シリーズ,4
1077,マジカルシフト部の箒立て,SR,雑貨：大型雑貨,2,,,10,,7,3,ベーシック,スタイリッシュ,なし,マジカルシフト部シリーズ,30
1078,マジカルシフト部のベンチ,SR,家具：椅子,3,,,12,,8,4,ベーシック,スタイリッシュ,なし,マジカルシフト部シリーズ,30
1079,マジカルシフト部のスコアボード,SR,雑貨：大型雑貨,2,,,10,,7,3,ベーシック,スタイリッシュ,なし,マジカルシフト部シリーズ,30
1080,マジカルシフト部のトレーニングゴール,SR,雑貨：大型雑貨,2,,,10,,7,3,ベーシック,スタイリッシュ,なし,マジカルシフト部シリーズ,30
1081,マジカルシフト部のディスクシューター,SR,雑貨：大型雑貨,2,,,10,,7,3,ベーシック,スタイリッシュ,なし,マジカルシフト部シリーズ,30
1082,クラブ・ウェア（レオナ）,SR,雑貨：衣装,1,,,8,,6,2,ベーシック,スタイリッシュ,なし,マジカルシフト部シリーズ,30
1083,クラブ・ウェア（ラギー）,SR,雑貨：衣装,1,,,8,,6,2,ベーシック,スタイリッシュ,なし,マジカルシフト部シリーズ,30
1084,クラブ・ウェア（エペル）,SR,雑貨：衣装,1,,,8,,6,2,ベーシック,スタイリッシュ,なし,マジカルシフト部シリーズ,30
1085,マジカルシフト部のトレーニングリング,R,雑貨：大型雑貨,2,,,8,,6,2,ベーシック,スタイリッシュ,なし,マジカルシフト部シリーズ,40
1086,マジカルシフト部のフラッグ,R,雑貨：小型雑貨,1,,,6,,4,2,ベーシック,スタイリッシュ,なし,マジカルシフト部シリーズ,40
1087,ラギーのスポーツバッグ（クラブ）,SR,雑貨：大型雑貨,2,,,6,6,4,2,ベーシック,スタイリッシュ,サバナクロー,－,30
1088,ラギーのフレーム（クラブ）,SR,内観・外観：前景,,,,6,5,4,2,ベーシック,スタイリッシュ,サバナクロー,－,2
1089,ラギーのトレーニングセット（クラブ）,SSR,雑貨：大型雑貨,6,,,11,10,8,3,ベーシック,スタイリッシュ,サバナクロー,－,20
1090,レオナのスポーツバッグ（クラブ）,SR,雑貨：大型雑貨,2,,,6,6,4,2,ベーシック,スタイリッシュ,サバナクロー,－,30
1091,レオナのフレーム（クラブ）,SR,内観・外観：前景,,,,6,5,4,2,ベーシック,スタイリッシュ,サバナクロー,－,2
1092,レオナのトレーニングセット（クラブ）,SSR,雑貨：大型雑貨,6,,,11,10,8,3,ベーシック,スタイリッシュ,サバナクロー,－,20
1093,エペルのスポーツバッグ（クラブ）,SR,雑貨：大型雑貨,2,,,6,6,4,2,ベーシック,スタイリッシュ,ポムフィオーレ,－,30
1094,エペルのフレーム（クラブ）,SR,内観・外観：前景,,,,6,5,4,2,ベーシック,スタイリッシュ,ポムフィオーレ,－,2
1095,エペルのトレーニングセット（クラブ）,SSR,雑貨：大型雑貨,6,,,11,10,8,3,ベーシック,スタイリッシュ,ポムフィオーレ,－,20
1096,ビーンズ・カモ（アズール）,SR,雑貨：衣装,1,,,8,,6,2,ユニーク,スタイリッシュ,なし,ハッピービーンズデーシリーズ,30
1097,ビーンズ・カモ（フロイド）,SR,雑貨：衣装,1,,,8,,6,2,ユニーク,スタイリッシュ,なし,ハッピービーンズデーシリーズ,30
1098,クロウリー レイブンジャケットの写真①,R,装飾：写真,,,2,8,,6,2,スタイリッシュ,ベーシック,なし,－,10
1099,クロウリー レイブンジャケットの写真②,SR,装飾：写真,,,2,10,,7,3,スタイリッシュ,ベーシック,なし,－,10
1100,オンボロ風の壁（4周年）,SR,内観・外観：壁紙,,,,12,12,8,4,エレガント,ポップ,ナイトレイブンカレッジ,4th Anniversaryシリーズ,2
1101,オンボロ風の床（4周年）,SR,内観・外観：床,,,,12,12,8,4,エレガント,ポップ,ナイトレイブンカレッジ,4th Anniversaryシリーズ,2
1102,お祝いのご馳走（4周年）,SSR,家具：机,6,,,11,10,8,3,エレガント,ポップ,ナイトレイブンカレッジ,4th Anniversaryシリーズ,20
1103,グリムのぬいぐるみ（4周年）,SR,雑貨：小型雑貨,1,,,6,5,4,2,ベーシック,ポップ,ナイトレイブンカレッジ,4th Anniversaryシリーズ,30
1104,風船セット（4周年）①,R,雑貨：大型雑貨,2,,,6,5,4,2,エレガント,ポップ,ナイトレイブンカレッジ,4th Anniversaryシリーズ,40
1105,風船セット（4周年）②,R,雑貨：大型雑貨,2,,,6,5,4,2,エレガント,ポップ,ナイトレイブンカレッジ,4th Anniversaryシリーズ,40
1106,グリムのぬいぐるみ（1周年）,SR,雑貨：小型雑貨,1,,,6,5,6,,ベーシック,－,ナイトレイブンカレッジ,－,30
1107,グリムのぬいぐるみ（2周年）,SR,雑貨：小型雑貨,1,,,6,5,4,2,ベーシック,スタイリッシュ,ナイトレイブンカレッジ,－,30
1108,グリムのぬいぐるみ（3周年）,SR,雑貨：小型雑貨,1,,,6,5,4,2,エレガント,ユニーク,ナイトレイブンカレッジ,－,30
1109,クルーウェルの机,SR,家具：机,2,,,8,,6,2,エレガント,スタイリッシュ,なし,統一試験シリーズ,30
1110,クルーウェルのラグ,SR,装飾：ラグ,,9,,8,,6,2,エレガント,スタイリッシュ,なし,統一試験シリーズ,10
1111,クルーウェルの「犬の像」,SR,雑貨：小型雑貨,1,,,8,,6,2,エレガント,スタイリッシュ,なし,統一試験シリーズ,30
1112,クルーウェルの椅子,R,家具：椅子,1,,,6,,4,2,エレガント,スタイリッシュ,なし,統一試験シリーズ,40
1113,ヴィル リュクスクチュールの写真①,R,装飾：写真,,,2,6,5,4,2,エレガント,スタイリッシュ,ポムフィオーレ,－,10
1114,ヴィル リュクスクチュールの写真②,SR,装飾：写真,,,2,6,6,4,2,エレガント,スタイリッシュ,ポムフィオーレ,－,10
1115,クイーン・スタチュー,SSR,雑貨：小型雑貨,1,,,10,,10,,エレガント,－,なし,輝石の国シリーズ,1
1116,ブティックのカウンター,SR,雑貨：大型雑貨,2,,,10,,10,,エレガント,－,なし,輝石の国シリーズ,30
1117,ブティックのスツール,R,家具：椅子,1,,,6,,6,,エレガント,－,なし,輝石の国シリーズ,40
1118,リュクスクチュール（ヴィル）,SR,雑貨：衣装,1,,,8,,8,,エレガント,－,なし,輝石の国シリーズ,30
1119,ブティックのパーティション,R,装飾：パーティション,1,,,6,,6,,エレガント,－,なし,輝石の国シリーズ,40
1120,ブティックの床,SR,内観・外観：床,,,,20,,20,,エレガント,－,なし,輝石の国シリーズ,2
1121,ブティックの壁,SR,内観・外観：壁紙,,,,20,,20,,エレガント,－,なし,輝石の国シリーズ,2
1122,ブティックのハンガーラック,SR,雑貨：小型雑貨,1,,,8,,8,,エレガント,－,なし,輝石の国シリーズ,30
1123,ブティックのショーケース,SR,雑貨：大型雑貨,2,,,10,,10,,エレガント,－,なし,輝石の国シリーズ,30
1124,ブティックのフィッティングルーム,SSR,雑貨：大型雑貨,9,,,20,,20,,エレガント,－,なし,輝石の国シリーズ,20
1125,シェフゴーストの前景（上）①,SR,内観・外観：前景,,,,14,,10,4,ベーシック,ポップ,なし,マスターシェフシリーズ,2
1126,シェフゴーストの前景（上）②,SR,内観・外観：前景,,,,14,,10,4,ベーシック,ポップ,なし,マスターシェフシリーズ,2
1127,ルーク サバナクロー寮服の写真①,R,装飾：写真,,,2,6,5,4,2,ユニーク,エレガント,ポムフィオーレ,－,10
1128,ルーク サバナクロー寮服の写真②,SR,装飾：写真,,,2,6,6,4,2,ユニーク,エレガント,ポムフィオーレ,－,10
1129,サバナクロー寮服（ルーク）,SR,雑貨：衣装,1,,,6,5,4,2,スタイリッシュ,ベーシック,ポムフィオーレ,－,30
1130,サバナクロー風のフレーム（ルーク）,SR,内観・外観：前景,,,,6,5,4,2,スタイリッシュ,ベーシック,ポムフィオーレ,－,2
1131,ルークの弓矢鍛錬場,SSR,雑貨：大型雑貨,6,,,11,10,8,3,スタイリッシュ,ベーシック,ポムフィオーレ,－,20
1132,ヴィル ツムステの写真①,R,装飾：写真,,,2,6,5,4,2,エレガント,スタイリッシュ,ポムフィオーレ,－,10
1133,ヴィル ツムステの写真②,SR,装飾：写真,,,2,6,6,4,2,エレガント,スタイリッシュ,ポムフィオーレ,－,10
1134,イデア ツムステの写真①,R,装飾：写真,,,2,6,5,4,2,ユニーク,エレガント,イグニハイド,－,10
1135,イデア ツムステの写真②,SR,装飾：写真,,,2,6,6,4,2,ユニーク,エレガント,イグニハイド,－,10
1136,マレウス ツムステの写真①,R,装飾：写真,,,2,6,5,4,2,スタイリッシュ,ベーシック,ディアソムニア,－,10
1137,マレウス ツムステの写真②,SR,装飾：写真,,,2,6,6,4,2,スタイリッシュ,ベーシック,ディアソムニア,－,10
1138,エースのツム,SSR,雑貨：小型雑貨,1,,,7,6,7,,ユニーク,－,ハーツラビュル,－,20
1139,トレイのツム,SSR,雑貨：小型雑貨,1,,,7,6,7,,ユニーク,－,ハーツラビュル,－,20
1140,ラギーのツム,SSR,雑貨：小型雑貨,1,,,7,6,7,,ユニーク,－,サバナクロー,－,20
1141,ジャミルのツム,SSR,雑貨：小型雑貨,1,,,7,6,7,,ユニーク,－,スカラビア,－,20
1142,ヴィルのツム,SSR,雑貨：小型雑貨,1,,,7,6,7,,ユニーク,－,ポムフィオーレ,－,20
1143,イデアのツム,SSR,雑貨：小型雑貨,1,,,7,6,7,,ユニーク,－,イグニハイド,－,20
1144,シルバーのツム,SSR,雑貨：小型雑貨,1,,,7,6,7,,ユニーク,－,ディアソムニア,－,20
1145,マレウスのツム,SSR,雑貨：小型雑貨,1,,,7,6,7,,ユニーク,－,ディアソムニア,－,20
1146,ツムステのフレーム（朝）②,SSR,内観・外観：前景,,,,9,,9,,ユニーク,－,なし,－,2
1147,ツムステのフレーム（昼）②,SSR,内観・外観：前景,,,,9,,9,,ユニーク,－,なし,－,2
1148,ツムステのフレーム（夜）②,SSR,内観・外観：前景,,,,9,,9,,ユニーク,－,なし,－,2
1149,学園裏山の壁,SR,内観・外観：壁紙,,,,20,,14,6,ポップ,スタイリッシュ,なし,山を愛する会シリーズ,1
1150,学園裏山の床,SR,内観・外観：床,,,,20,,14,6,ポップ,スタイリッシュ,なし,山を愛する会シリーズ,1
1151,学園裏山の前景（下）①,R,内観・外観：前景,,,,12,,8,4,ポップ,スタイリッシュ,なし,山を愛する会シリーズ,2
1152,学園裏山の前景（下）②,R,内観・外観：前景,,,,12,,8,4,ポップ,スタイリッシュ,なし,山を愛する会シリーズ,2
1153,山を愛する会のテーブルセット,SR,雑貨：大型雑貨,4,,,14,,10,4,ポップ,スタイリッシュ,なし,山を愛する会シリーズ,30
1154,山を愛する会のたき火セット,SR,雑貨：大型雑貨,4,,,14,,10,4,ポップ,スタイリッシュ,なし,山を愛する会シリーズ,30
1155,山を愛する会のローテーブル,SR,家具：机,2,,,10,,7,3,ポップ,スタイリッシュ,なし,山を愛する会シリーズ,30
1156,山を愛する会の天体望遠鏡,SR,雑貨：大型雑貨,2,,,10,,7,3,ポップ,スタイリッシュ,なし,山を愛する会シリーズ,30
1157,山を愛する会のアウトドアケース,SR,雑貨：大型雑貨,4,,,14,,10,4,ポップ,スタイリッシュ,なし,山を愛する会シリーズ,30
1158,クラブ・ウェア（ジェイド）,SR,雑貨：衣装,1,,,8,,6,2,ポップ,スタイリッシュ,なし,山を愛する会シリーズ,30
1159,山を愛する会のランタンスタンド,R,雑貨：小型雑貨,1,,,6,,4,2,ポップ,スタイリッシュ,なし,山を愛する会シリーズ,40
1160,山を愛する会のアウトドアチェア,R,家具：椅子,1,,,6,,4,2,ポップ,スタイリッシュ,なし,山を愛する会シリーズ,40
1161,ジェイドのリュック（クラブ）,SR,雑貨：大型雑貨,2,,,6,6,4,2,ポップ,スタイリッシュ,オクタヴィネル,－,30
1162,ジェイドのフレーム（クラブ）,SR,内観・外観：前景,,,,6,5,4,2,ポップ,スタイリッシュ,オクタヴィネル,－,2
1163,ジェイドの焼きキノコセット（クラブ）,SSR,雑貨：大型雑貨,4,,,10,10,7,3,ポップ,スタイリッシュ,オクタヴィネル,－,20
1164,クルーウェル リッチファーコートの写真①,R,装飾：写真,,,2,6,5,4,2,エレガント,スタイリッシュ,なし,－,10
1165,クルーウェル リッチファーコートの写真②,SR,装飾：写真,,,2,6,6,4,2,エレガント,スタイリッシュ,なし,－,10
1166,カリム カスルサルタナート制服の写真①,R,装飾：写真,,,2,6,5,4,2,ポップ,ユニーク,スカラビア,－,10
1167,カリム カスルサルタナート制服の写真②,SR,装飾：写真,,,2,6,6,4,2,ポップ,ユニーク,スカラビア,－,10
1168,カスルサルタナート制服（カリム）,SR,雑貨：衣装,1,,,6,5,4,2,ポップ,ユニーク,スカラビア,－,30
1169,夢の世界の学園風フレーム（カリム）,SR,内観・外観：前景,,,,6,5,4,2,ポップ,ユニーク,スカラビア,－,2
1170,カリムの魔法の絨毯,SSR,雑貨：大型雑貨,6,,,11,10,8,3,ポップ,ユニーク,スカラビア,－,20
